[debug] [2026-02-18T04:10:17.705Z] ----------------------------------------------------------------------
[debug] [2026-02-18T04:10:17.707Z] Command:       /Users/alejandrosilva/.nvm/versions/node/v20.19.0/bin/node /Users/alejandrosilva/.nvm/versions/node/v20.19.0/bin/firebase deploy --only functions --project aivo-4jxhn9zkzwiw-4402 --non-interactive --force --debug
[debug] [2026-02-18T04:10:17.707Z] CLI Version:   14.22.0
[debug] [2026-02-18T04:10:17.707Z] Platform:      darwin
[debug] [2026-02-18T04:10:17.707Z] Node Version:  v20.19.0
[debug] [2026-02-18T04:10:17.708Z] Time:          Wed Feb 18 2026 01:10:17 GMT-0300 (Uruguay Standard Time)
[debug] [2026-02-18T04:10:17.708Z] ----------------------------------------------------------------------
[debug] 
[debug] [2026-02-18T04:10:17.803Z] > command requires scopes: ["email","openid","https://www.googleapis.com/auth/cloudplatformprojects.readonly","https://www.googleapis.com/auth/firebase","https://www.googleapis.com/auth/cloud-platform"]
[debug] [2026-02-18T04:10:17.964Z] Running auto auth
[debug] [2026-02-18T04:10:17.965Z] [iam] checking project aivo-4jxhn9zkzwiw-4402 for permissions ["cloudfunctions.functions.create","cloudfunctions.functions.delete","cloudfunctions.functions.get","cloudfunctions.functions.list","cloudfunctions.functions.update","cloudfunctions.operations.get","firebase.projects.get"]
[debug] [2026-02-18T04:10:17.965Z] No OAuth tokens found
[debug] [2026-02-18T04:10:17.966Z] >>> [apiv2][query] POST https://cloudresourcemanager.googleapis.com/v1/projects/aivo-4jxhn9zkzwiw-4402:testIamPermissions [none]
[debug] [2026-02-18T04:10:17.967Z] >>> [apiv2][(partial)header] POST https://cloudresourcemanager.googleapis.com/v1/projects/aivo-4jxhn9zkzwiw-4402:testIamPermissions x-goog-quota-user=projects/aivo-4jxhn9zkzwiw-4402
[debug] [2026-02-18T04:10:17.967Z] >>> [apiv2][body] POST https://cloudresourcemanager.googleapis.com/v1/projects/aivo-4jxhn9zkzwiw-4402:testIamPermissions {"permissions":["cloudfunctions.functions.create","cloudfunctions.functions.delete","cloudfunctions.functions.get","cloudfunctions.functions.list","cloudfunctions.functions.update","cloudfunctions.operations.get","firebase.projects.get"]}
[debug] [2026-02-18T04:10:18.959Z] <<< [apiv2][status] POST https://cloudresourcemanager.googleapis.com/v1/projects/aivo-4jxhn9zkzwiw-4402:testIamPermissions 200
[debug] [2026-02-18T04:10:18.959Z] <<< [apiv2][body] POST https://cloudresourcemanager.googleapis.com/v1/projects/aivo-4jxhn9zkzwiw-4402:testIamPermissions {"permissions":["cloudfunctions.functions.create","cloudfunctions.functions.delete","cloudfunctions.functions.get","cloudfunctions.functions.list","cloudfunctions.functions.update","cloudfunctions.operations.get","firebase.projects.get"]}
[debug] [2026-02-18T04:10:18.960Z] No OAuth tokens found
[debug] [2026-02-18T04:10:18.961Z] >>> [apiv2][query] POST https://iam.googleapis.com/v1/projects/aivo-4jxhn9zkzwiw-4402/serviceAccounts/aivo-4jxhn9zkzwiw-4402@appspot.gserviceaccount.com:testIamPermissions [none]
[debug] [2026-02-18T04:10:18.961Z] >>> [apiv2][body] POST https://iam.googleapis.com/v1/projects/aivo-4jxhn9zkzwiw-4402/serviceAccounts/aivo-4jxhn9zkzwiw-4402@appspot.gserviceaccount.com:testIamPermissions {"permissions":["iam.serviceAccounts.actAs"]}
[debug] [2026-02-18T04:10:19.983Z] <<< [apiv2][status] POST https://iam.googleapis.com/v1/projects/aivo-4jxhn9zkzwiw-4402/serviceAccounts/aivo-4jxhn9zkzwiw-4402@appspot.gserviceaccount.com:testIamPermissions 200
[debug] [2026-02-18T04:10:19.984Z] <<< [apiv2][body] POST https://iam.googleapis.com/v1/projects/aivo-4jxhn9zkzwiw-4402/serviceAccounts/aivo-4jxhn9zkzwiw-4402@appspot.gserviceaccount.com:testIamPermissions {"permissions":["iam.serviceAccounts.actAs"]}
[info] 
[info] === Deploying to 'aivo-4jxhn9zkzwiw-4402'...
[info] 
[info] i  deploying functions 
[info] Running command: npm run build
[info] ✔  functions: Finished running predeploy script. 
[debug] [2026-02-18T04:10:21.198Z] No OAuth tokens found
[debug] [2026-02-18T04:10:21.198Z] >>> [apiv2][query] GET https://serviceusage.googleapis.com/v1/projects/aivo-4jxhn9zkzwiw-4402/services/cloudresourcemanager.googleapis.com [none]
[debug] [2026-02-18T04:10:21.198Z] >>> [apiv2][(partial)header] GET https://serviceusage.googleapis.com/v1/projects/aivo-4jxhn9zkzwiw-4402/services/cloudresourcemanager.googleapis.com x-goog-quota-user=projects/aivo-4jxhn9zkzwiw-4402
[debug] [2026-02-18T04:10:22.343Z] <<< [apiv2][status] GET https://serviceusage.googleapis.com/v1/projects/aivo-4jxhn9zkzwiw-4402/services/cloudresourcemanager.googleapis.com 200
[debug] [2026-02-18T04:10:22.343Z] <<< [apiv2][body] GET https://serviceusage.googleapis.com/v1/projects/aivo-4jxhn9zkzwiw-4402/services/cloudresourcemanager.googleapis.com [omitted]
[debug] [2026-02-18T04:10:22.354Z] No OAuth tokens found
[debug] [2026-02-18T04:10:22.354Z] >>> [apiv2][query] GET https://cloudresourcemanager.googleapis.com/v1/projects/aivo-4jxhn9zkzwiw-4402 [none]
[debug] [2026-02-18T04:10:22.643Z] <<< [apiv2][status] GET https://cloudresourcemanager.googleapis.com/v1/projects/aivo-4jxhn9zkzwiw-4402 200
[debug] [2026-02-18T04:10:22.644Z] <<< [apiv2][body] GET https://cloudresourcemanager.googleapis.com/v1/projects/aivo-4jxhn9zkzwiw-4402 {"projectNumber":"781811004685","projectId":"aivo-4jxhn9zkzwiw-4402","lifecycleState":"ACTIVE","name":"AIVO - aivo-4jxhn9zkzwiw-4402","labels":{"firebase":"enabled","firebase-core":"disabled"},"createTime":"2026-02-18T04:08:06.427336Z","parent":{"type":"organization","id":"283194625711"}}
[info] i  functions: preparing codebase default for deployment 
[info] i  functions: ensuring required API cloudfunctions.googleapis.com is enabled... 
[debug] [2026-02-18T04:10:22.646Z] No OAuth tokens found
[debug] [2026-02-18T04:10:22.647Z] No OAuth tokens found
[info] i  functions: ensuring required API cloudbuild.googleapis.com is enabled... 
[debug] [2026-02-18T04:10:22.647Z] No OAuth tokens found
[info] i  artifactregistry: ensuring required API artifactregistry.googleapis.com is enabled... 
[debug] [2026-02-18T04:10:22.648Z] No OAuth tokens found
[debug] [2026-02-18T04:10:22.648Z] >>> [apiv2][query] GET https://serviceusage.googleapis.com/v1/projects/aivo-4jxhn9zkzwiw-4402/services/cloudfunctions.googleapis.com [none]
[debug] [2026-02-18T04:10:22.648Z] >>> [apiv2][(partial)header] GET https://serviceusage.googleapis.com/v1/projects/aivo-4jxhn9zkzwiw-4402/services/cloudfunctions.googleapis.com x-goog-quota-user=projects/aivo-4jxhn9zkzwiw-4402
[debug] [2026-02-18T04:10:22.649Z] >>> [apiv2][query] GET https://serviceusage.googleapis.com/v1/projects/aivo-4jxhn9zkzwiw-4402/services/runtimeconfig.googleapis.com [none]
[debug] [2026-02-18T04:10:22.649Z] >>> [apiv2][(partial)header] GET https://serviceusage.googleapis.com/v1/projects/aivo-4jxhn9zkzwiw-4402/services/runtimeconfig.googleapis.com x-goog-quota-user=projects/aivo-4jxhn9zkzwiw-4402
[debug] [2026-02-18T04:10:22.652Z] >>> [apiv2][query] GET https://serviceusage.googleapis.com/v1/projects/aivo-4jxhn9zkzwiw-4402/services/cloudbuild.googleapis.com [none]
[debug] [2026-02-18T04:10:22.652Z] >>> [apiv2][(partial)header] GET https://serviceusage.googleapis.com/v1/projects/aivo-4jxhn9zkzwiw-4402/services/cloudbuild.googleapis.com x-goog-quota-user=projects/aivo-4jxhn9zkzwiw-4402
[debug] [2026-02-18T04:10:22.654Z] >>> [apiv2][query] GET https://serviceusage.googleapis.com/v1/projects/aivo-4jxhn9zkzwiw-4402/services/artifactregistry.googleapis.com [none]
[debug] [2026-02-18T04:10:22.654Z] >>> [apiv2][(partial)header] GET https://serviceusage.googleapis.com/v1/projects/aivo-4jxhn9zkzwiw-4402/services/artifactregistry.googleapis.com x-goog-quota-user=projects/aivo-4jxhn9zkzwiw-4402
[debug] [2026-02-18T04:10:23.782Z] <<< [apiv2][status] GET https://serviceusage.googleapis.com/v1/projects/aivo-4jxhn9zkzwiw-4402/services/cloudbuild.googleapis.com 200
[debug] [2026-02-18T04:10:23.783Z] <<< [apiv2][body] GET https://serviceusage.googleapis.com/v1/projects/aivo-4jxhn9zkzwiw-4402/services/cloudbuild.googleapis.com [omitted]
[info] ✔  functions: required API cloudbuild.googleapis.com is enabled 
[debug] [2026-02-18T04:10:23.796Z] <<< [apiv2][status] GET https://serviceusage.googleapis.com/v1/projects/aivo-4jxhn9zkzwiw-4402/services/runtimeconfig.googleapis.com 200
[debug] [2026-02-18T04:10:23.796Z] <<< [apiv2][body] GET https://serviceusage.googleapis.com/v1/projects/aivo-4jxhn9zkzwiw-4402/services/runtimeconfig.googleapis.com [omitted]
[debug] [2026-02-18T04:10:23.806Z] <<< [apiv2][status] GET https://serviceusage.googleapis.com/v1/projects/aivo-4jxhn9zkzwiw-4402/services/cloudfunctions.googleapis.com 200
[debug] [2026-02-18T04:10:23.806Z] <<< [apiv2][body] GET https://serviceusage.googleapis.com/v1/projects/aivo-4jxhn9zkzwiw-4402/services/cloudfunctions.googleapis.com [omitted]
[info] ✔  functions: required API cloudfunctions.googleapis.com is enabled 
[debug] [2026-02-18T04:10:23.814Z] <<< [apiv2][status] GET https://serviceusage.googleapis.com/v1/projects/aivo-4jxhn9zkzwiw-4402/services/artifactregistry.googleapis.com 200
[debug] [2026-02-18T04:10:23.814Z] <<< [apiv2][body] GET https://serviceusage.googleapis.com/v1/projects/aivo-4jxhn9zkzwiw-4402/services/artifactregistry.googleapis.com [omitted]
[info] ✔  artifactregistry: required API artifactregistry.googleapis.com is enabled 
[debug] [2026-02-18T04:10:23.820Z] No OAuth tokens found
[debug] [2026-02-18T04:10:23.821Z] >>> [apiv2][query] GET https://firebase.googleapis.com/v1beta1/projects/aivo-4jxhn9zkzwiw-4402/adminSdkConfig [none]
[debug] [2026-02-18T04:10:24.604Z] <<< [apiv2][status] GET https://firebase.googleapis.com/v1beta1/projects/aivo-4jxhn9zkzwiw-4402/adminSdkConfig 200
[debug] [2026-02-18T04:10:24.605Z] <<< [apiv2][body] GET https://firebase.googleapis.com/v1beta1/projects/aivo-4jxhn9zkzwiw-4402/adminSdkConfig {"projectId":"aivo-4jxhn9zkzwiw-4402","storageBucket":"aivo-4jxhn9zkzwiw-4402.firebasestorage.app"}
[debug] [2026-02-18T04:10:24.606Z] No OAuth tokens found
[debug] [2026-02-18T04:10:24.606Z] >>> [apiv2][query] GET https://runtimeconfig.googleapis.com/v1beta1/projects/aivo-4jxhn9zkzwiw-4402/configs [none]
[debug] [2026-02-18T04:10:25.105Z] <<< [apiv2][status] GET https://runtimeconfig.googleapis.com/v1beta1/projects/aivo-4jxhn9zkzwiw-4402/configs 200
[debug] [2026-02-18T04:10:25.105Z] <<< [apiv2][body] GET https://runtimeconfig.googleapis.com/v1beta1/projects/aivo-4jxhn9zkzwiw-4402/configs {}
[debug] [2026-02-18T04:10:25.107Z] Validating nodejs source
[warn] ⚠  functions: Runtime Node.js 20 will be deprecated on 2026-04-30 and will be decommissioned on 2026-10-30, after which you will not be able to deploy without upgrading. Consider upgrading now to avoid disruption. See https://cloud.google.com/functions/docs/runtime-support for full details on the lifecycle policy 
[warn] ⚠  functions: package.json indicates an outdated version of firebase-functions. Please upgrade using npm install --save firebase-functions@latest in your functions directory. 
[warn] ⚠  functions: Please note that there will be breaking changes when you upgrade. 
[debug] [2026-02-18T04:10:25.546Z] > [functions] package.json contents: {
  "name": "market-uy-backend",
  "version": "1.0.0",
  "description": "Backend API for Market Uy self-checkout ordering system",
  "main": "dist/index.js",
  "engines": {
    "node": "20"
  },
  "scripts": {
    "build": "tsc",
    "start": "node dist/index.js",
    "dev": "ts-node src/index.ts",
    "lint": "eslint src --ext .ts",
    "test": "jest"
  },
  "dependencies": {
    "cors": "^2.8.5",
    "dotenv": "^16.3.1",
    "express": "^4.18.2",
    "firebase-admin": "^12.0.0",
    "firebase-functions": "^5.0.1",
    "joi": "^17.11.0",
    "uuid": "^9.0.1"
  },
  "devDependencies": {
    "@types/cors": "^2.8.17",
    "@types/express": "^4.17.21",
    "@types/jest": "^29.5.11",
    "@types/node": "^20.10.6",
    "@types/supertest": "^6.0.3",
    "@types/uuid": "^10.0.0",
    "@typescript-eslint/eslint-plugin": "^6.17.0",
    "@typescript-eslint/parser": "^6.17.0",
    "eslint": "^8.56.0",
    "jest": "^29.7.0",
    "supertest": "^7.2.2",
    "ts-jest": "^29.1.1",
    "ts-node": "^10.9.2",
    "typescript": "^5.3.3"
  }
}
[debug] [2026-02-18T04:10:25.546Z] Building nodejs source
[info] i  functions: Loading and analyzing source code for codebase default to determine what to deploy 
[debug] [2026-02-18T04:10:25.547Z] Could not find functions.yaml. Must use http discovery
[debug] [2026-02-18T04:10:25.553Z] Found firebase-functions binary at '/private/tmp/aivo-projects/4JxhN9zKZwIWf3uWxgJd/backend/node_modules/.bin/firebase-functions'
[info] Serving at port 8045

[info] Firebase initialized successfully

[debug] [2026-02-18T04:10:26.533Z] Got response from /__/functions.yaml {"endpoints":{"api":{"availableMemoryMb":null,"timeoutSeconds":null,"minInstances":null,"maxInstances":null,"ingressSettings":null,"concurrency":null,"serviceAccountEmail":null,"vpc":null,"platform":"gcfv2","labels":{},"httpsTrigger":{},"entryPoint":"api"}},"specVersion":"v1alpha1","requiredAPIs":[],"extensions":{}}
[info] i  extensions: ensuring required API firebaseextensions.googleapis.com is enabled... 
[debug] [2026-02-18T04:10:30.552Z] No OAuth tokens found
[debug] [2026-02-18T04:10:30.553Z] >>> [apiv2][query] GET https://serviceusage.googleapis.com/v1/projects/aivo-4jxhn9zkzwiw-4402/services/firebaseextensions.googleapis.com [none]
[debug] [2026-02-18T04:10:30.553Z] >>> [apiv2][(partial)header] GET https://serviceusage.googleapis.com/v1/projects/aivo-4jxhn9zkzwiw-4402/services/firebaseextensions.googleapis.com x-goog-quota-user=projects/aivo-4jxhn9zkzwiw-4402
[debug] [2026-02-18T04:10:31.672Z] <<< [apiv2][status] GET https://serviceusage.googleapis.com/v1/projects/aivo-4jxhn9zkzwiw-4402/services/firebaseextensions.googleapis.com 200
[debug] [2026-02-18T04:10:31.672Z] <<< [apiv2][body] GET https://serviceusage.googleapis.com/v1/projects/aivo-4jxhn9zkzwiw-4402/services/firebaseextensions.googleapis.com [omitted]
[warn] ⚠  extensions: missing required API firebaseextensions.googleapis.com. Enabling now... 
[debug] [2026-02-18T04:10:31.673Z] No OAuth tokens found
[debug] [2026-02-18T04:10:31.674Z] >>> [apiv2][query] POST https://serviceusage.googleapis.com/v1/projects/aivo-4jxhn9zkzwiw-4402/services/firebaseextensions.googleapis.com:enable [none]
[debug] [2026-02-18T04:10:31.674Z] >>> [apiv2][(partial)header] POST https://serviceusage.googleapis.com/v1/projects/aivo-4jxhn9zkzwiw-4402/services/firebaseextensions.googleapis.com:enable x-goog-quota-user=projects/aivo-4jxhn9zkzwiw-4402
[debug] [2026-02-18T04:10:32.986Z] <<< [apiv2][status] POST https://serviceusage.googleapis.com/v1/projects/aivo-4jxhn9zkzwiw-4402/services/firebaseextensions.googleapis.com:enable 200
[debug] [2026-02-18T04:10:32.986Z] <<< [apiv2][body] POST https://serviceusage.googleapis.com/v1/projects/aivo-4jxhn9zkzwiw-4402/services/firebaseextensions.googleapis.com:enable [omitted]
[debug] [2026-02-18T04:10:43.000Z] > command requires scopes: ["email","openid","https://www.googleapis.com/auth/cloudplatformprojects.readonly","https://www.googleapis.com/auth/firebase","https://www.googleapis.com/auth/cloud-platform"]
[debug] [2026-02-18T04:10:43.001Z] Running auto auth
[debug] [2026-02-18T04:10:43.002Z] [iam] checking project aivo-4jxhn9zkzwiw-4402 for permissions ["firebase.projects.get","firebaseextensions.instances.list"]
[debug] [2026-02-18T04:10:43.003Z] No OAuth tokens found
[debug] [2026-02-18T04:10:43.004Z] >>> [apiv2][query] POST https://cloudresourcemanager.googleapis.com/v1/projects/aivo-4jxhn9zkzwiw-4402:testIamPermissions [none]
[debug] [2026-02-18T04:10:43.004Z] >>> [apiv2][(partial)header] POST https://cloudresourcemanager.googleapis.com/v1/projects/aivo-4jxhn9zkzwiw-4402:testIamPermissions x-goog-quota-user=projects/aivo-4jxhn9zkzwiw-4402
[debug] [2026-02-18T04:10:43.004Z] >>> [apiv2][body] POST https://cloudresourcemanager.googleapis.com/v1/projects/aivo-4jxhn9zkzwiw-4402:testIamPermissions {"permissions":["firebase.projects.get","firebaseextensions.instances.list"]}
[debug] [2026-02-18T04:10:43.877Z] <<< [apiv2][status] POST https://cloudresourcemanager.googleapis.com/v1/projects/aivo-4jxhn9zkzwiw-4402:testIamPermissions 200
[debug] [2026-02-18T04:10:43.877Z] <<< [apiv2][body] POST https://cloudresourcemanager.googleapis.com/v1/projects/aivo-4jxhn9zkzwiw-4402:testIamPermissions {"permissions":["firebase.projects.get","firebaseextensions.instances.list"]}
[debug] [2026-02-18T04:10:43.879Z] No OAuth tokens found
[debug] [2026-02-18T04:10:43.879Z] >>> [apiv2][query] GET https://firebaseextensions.googleapis.com/v1beta/projects/aivo-4jxhn9zkzwiw-4402/instances pageSize=100&pageToken=
[debug] [2026-02-18T04:10:45.990Z] <<< [apiv2][status] GET https://firebaseextensions.googleapis.com/v1beta/projects/aivo-4jxhn9zkzwiw-4402/instances 200
[debug] [2026-02-18T04:10:45.990Z] <<< [apiv2][body] GET https://firebaseextensions.googleapis.com/v1beta/projects/aivo-4jxhn9zkzwiw-4402/instances {}
[info] i  functions: preparing . directory for uploading... 
[info] i  functions: packaged /private/tmp/aivo-projects/4JxhN9zKZwIWf3uWxgJd/backend (127.84 KB) for uploading 
[debug] [2026-02-18T04:10:46.076Z] No OAuth tokens found
[debug] [2026-02-18T04:10:46.076Z] >>> [apiv2][query] GET https://cloudfunctions.googleapis.com/v1/projects/aivo-4jxhn9zkzwiw-4402/locations/-/functions [none]
[debug] [2026-02-18T04:10:47.086Z] <<< [apiv2][status] GET https://cloudfunctions.googleapis.com/v1/projects/aivo-4jxhn9zkzwiw-4402/locations/-/functions 200
[debug] [2026-02-18T04:10:47.086Z] <<< [apiv2][body] GET https://cloudfunctions.googleapis.com/v1/projects/aivo-4jxhn9zkzwiw-4402/locations/-/functions {}
[debug] [2026-02-18T04:10:47.087Z] No OAuth tokens found
[debug] [2026-02-18T04:10:47.087Z] >>> [apiv2][query] GET https://cloudfunctions.googleapis.com/v2/projects/aivo-4jxhn9zkzwiw-4402/locations/-/functions filter=environment%3D%22GEN_2%22
[debug] [2026-02-18T04:10:48.654Z] <<< [apiv2][status] GET https://cloudfunctions.googleapis.com/v2/projects/aivo-4jxhn9zkzwiw-4402/locations/-/functions 200
[debug] [2026-02-18T04:10:48.654Z] <<< [apiv2][body] GET https://cloudfunctions.googleapis.com/v2/projects/aivo-4jxhn9zkzwiw-4402/locations/-/functions {}
[info] i  functions: ensuring required API run.googleapis.com is enabled... 
[debug] [2026-02-18T04:10:48.658Z] No OAuth tokens found
[info] i  functions: ensuring required API eventarc.googleapis.com is enabled... 
[debug] [2026-02-18T04:10:48.658Z] No OAuth tokens found
[info] i  functions: ensuring required API pubsub.googleapis.com is enabled... 
[debug] [2026-02-18T04:10:48.660Z] No OAuth tokens found
[info] i  functions: ensuring required API storage.googleapis.com is enabled... 
[debug] [2026-02-18T04:10:48.661Z] No OAuth tokens found
[debug] [2026-02-18T04:10:48.661Z] >>> [apiv2][query] GET https://serviceusage.googleapis.com/v1/projects/781811004685/services/run.googleapis.com [none]
[debug] [2026-02-18T04:10:48.661Z] >>> [apiv2][(partial)header] GET https://serviceusage.googleapis.com/v1/projects/781811004685/services/run.googleapis.com x-goog-quota-user=projects/781811004685
[debug] [2026-02-18T04:10:48.663Z] >>> [apiv2][query] GET https://serviceusage.googleapis.com/v1/projects/781811004685/services/eventarc.googleapis.com [none]
[debug] [2026-02-18T04:10:48.663Z] >>> [apiv2][(partial)header] GET https://serviceusage.googleapis.com/v1/projects/781811004685/services/eventarc.googleapis.com x-goog-quota-user=projects/781811004685
[debug] [2026-02-18T04:10:48.665Z] >>> [apiv2][query] GET https://serviceusage.googleapis.com/v1/projects/781811004685/services/pubsub.googleapis.com [none]
[debug] [2026-02-18T04:10:48.665Z] >>> [apiv2][(partial)header] GET https://serviceusage.googleapis.com/v1/projects/781811004685/services/pubsub.googleapis.com x-goog-quota-user=projects/781811004685
[debug] [2026-02-18T04:10:48.666Z] >>> [apiv2][query] GET https://serviceusage.googleapis.com/v1/projects/781811004685/services/storage.googleapis.com [none]
[debug] [2026-02-18T04:10:48.667Z] >>> [apiv2][(partial)header] GET https://serviceusage.googleapis.com/v1/projects/781811004685/services/storage.googleapis.com x-goog-quota-user=projects/781811004685
[debug] [2026-02-18T04:10:49.713Z] <<< [apiv2][status] GET https://serviceusage.googleapis.com/v1/projects/781811004685/services/pubsub.googleapis.com 200
[debug] [2026-02-18T04:10:49.714Z] <<< [apiv2][body] GET https://serviceusage.googleapis.com/v1/projects/781811004685/services/pubsub.googleapis.com [omitted]
[info] ✔  functions: required API pubsub.googleapis.com is enabled 
[debug] [2026-02-18T04:10:49.725Z] <<< [apiv2][status] GET https://serviceusage.googleapis.com/v1/projects/781811004685/services/eventarc.googleapis.com 200
[debug] [2026-02-18T04:10:49.725Z] <<< [apiv2][body] GET https://serviceusage.googleapis.com/v1/projects/781811004685/services/eventarc.googleapis.com [omitted]
[warn] ⚠  functions: missing required API eventarc.googleapis.com. Enabling now... 
[debug] [2026-02-18T04:10:49.725Z] No OAuth tokens found
[debug] [2026-02-18T04:10:49.725Z] >>> [apiv2][query] POST https://serviceusage.googleapis.com/v1/projects/781811004685/services/eventarc.googleapis.com:enable [none]
[debug] [2026-02-18T04:10:49.726Z] >>> [apiv2][(partial)header] POST https://serviceusage.googleapis.com/v1/projects/781811004685/services/eventarc.googleapis.com:enable x-goog-quota-user=projects/781811004685
[debug] [2026-02-18T04:10:49.729Z] <<< [apiv2][status] GET https://serviceusage.googleapis.com/v1/projects/781811004685/services/run.googleapis.com 200
[debug] [2026-02-18T04:10:49.729Z] <<< [apiv2][body] GET https://serviceusage.googleapis.com/v1/projects/781811004685/services/run.googleapis.com [omitted]
[info] ✔  functions: required API run.googleapis.com is enabled 
[debug] [2026-02-18T04:10:49.736Z] <<< [apiv2][status] GET https://serviceusage.googleapis.com/v1/projects/781811004685/services/storage.googleapis.com 200
[debug] [2026-02-18T04:10:49.736Z] <<< [apiv2][body] GET https://serviceusage.googleapis.com/v1/projects/781811004685/services/storage.googleapis.com [omitted]
[info] ✔  functions: required API storage.googleapis.com is enabled 
[debug] [2026-02-18T04:10:51.028Z] <<< [apiv2][status] POST https://serviceusage.googleapis.com/v1/projects/781811004685/services/eventarc.googleapis.com:enable 200
[debug] [2026-02-18T04:10:51.028Z] <<< [apiv2][body] POST https://serviceusage.googleapis.com/v1/projects/781811004685/services/eventarc.googleapis.com:enable [omitted]
[info] i  functions: generating the service identity for pubsub.googleapis.com... 
[debug] [2026-02-18T04:11:01.040Z] No OAuth tokens found
[info] i  functions: generating the service identity for eventarc.googleapis.com... 
[debug] [2026-02-18T04:11:01.041Z] No OAuth tokens found
[debug] [2026-02-18T04:11:01.041Z] >>> [apiv2][query] POST https://serviceusage.googleapis.com/v1beta1/projects/781811004685/services/pubsub.googleapis.com:generateServiceIdentity [none]
[debug] [2026-02-18T04:11:01.042Z] >>> [apiv2][(partial)header] POST https://serviceusage.googleapis.com/v1beta1/projects/781811004685/services/pubsub.googleapis.com:generateServiceIdentity x-goog-quota-user=projects/781811004685
[debug] [2026-02-18T04:11:01.042Z] >>> [apiv2][body] POST https://serviceusage.googleapis.com/v1beta1/projects/781811004685/services/pubsub.googleapis.com:generateServiceIdentity {}
[debug] [2026-02-18T04:11:01.045Z] >>> [apiv2][query] POST https://serviceusage.googleapis.com/v1beta1/projects/781811004685/services/eventarc.googleapis.com:generateServiceIdentity [none]
[debug] [2026-02-18T04:11:01.046Z] >>> [apiv2][(partial)header] POST https://serviceusage.googleapis.com/v1beta1/projects/781811004685/services/eventarc.googleapis.com:generateServiceIdentity x-goog-quota-user=projects/781811004685
[debug] [2026-02-18T04:11:01.046Z] >>> [apiv2][body] POST https://serviceusage.googleapis.com/v1beta1/projects/781811004685/services/eventarc.googleapis.com:generateServiceIdentity {}
[debug] [2026-02-18T04:11:02.088Z] <<< [apiv2][status] POST https://serviceusage.googleapis.com/v1beta1/projects/781811004685/services/pubsub.googleapis.com:generateServiceIdentity 200
[debug] [2026-02-18T04:11:02.089Z] <<< [apiv2][body] POST https://serviceusage.googleapis.com/v1beta1/projects/781811004685/services/pubsub.googleapis.com:generateServiceIdentity {"name":"operations/finished.DONE_OPERATION","done":true,"response":{"@type":"type.googleapis.com/google.api.serviceusage.v1beta1.ServiceIdentity","email":"service-781811004685@gcp-sa-pubsub.iam.gserviceaccount.com","uniqueId":"103474511910076932089"}}
[debug] [2026-02-18T04:11:02.406Z] <<< [apiv2][status] POST https://serviceusage.googleapis.com/v1beta1/projects/781811004685/services/eventarc.googleapis.com:generateServiceIdentity 200
[debug] [2026-02-18T04:11:02.407Z] <<< [apiv2][body] POST https://serviceusage.googleapis.com/v1beta1/projects/781811004685/services/eventarc.googleapis.com:generateServiceIdentity {"name":"operations/finished.DONE_OPERATION","done":true,"response":{"@type":"type.googleapis.com/google.api.serviceusage.v1beta1.ServiceIdentity","email":"service-781811004685@gcp-sa-eventarc.iam.gserviceaccount.com","uniqueId":"106210261091979292001"}}
[debug] [2026-02-18T04:11:02.410Z] No OAuth tokens found
[debug] [2026-02-18T04:11:02.410Z] >>> [apiv2][query] GET https://cloudresourcemanager.googleapis.com/v1/projects/aivo-4jxhn9zkzwiw-4402 [none]
[debug] [2026-02-18T04:11:03.335Z] <<< [apiv2][status] GET https://cloudresourcemanager.googleapis.com/v1/projects/aivo-4jxhn9zkzwiw-4402 200
[debug] [2026-02-18T04:11:03.336Z] <<< [apiv2][body] GET https://cloudresourcemanager.googleapis.com/v1/projects/aivo-4jxhn9zkzwiw-4402 {"projectNumber":"781811004685","projectId":"aivo-4jxhn9zkzwiw-4402","lifecycleState":"ACTIVE","name":"AIVO - aivo-4jxhn9zkzwiw-4402","labels":{"firebase":"enabled","firebase-core":"disabled"},"createTime":"2026-02-18T04:08:06.427336Z","parent":{"type":"organization","id":"283194625711"}}
[debug] [2026-02-18T04:11:03.337Z] No OAuth tokens found
[debug] [2026-02-18T04:11:03.337Z] >>> [apiv2][query] GET https://compute.googleapis.com/compute/v1/projects/781811004685 [none]
[debug] [2026-02-18T04:11:03.772Z] <<< [apiv2][status] GET https://compute.googleapis.com/compute/v1/projects/781811004685 403
[debug] [2026-02-18T04:11:03.772Z] <<< [apiv2][body] GET https://compute.googleapis.com/compute/v1/projects/781811004685 {"error":{"code":403,"message":"Compute Engine API has not been used in project 781811004685 before or it is disabled. Enable it by visiting https://console.developers.google.com/apis/api/compute.googleapis.com/overview?project=781811004685 then retry. If you enabled this API recently, wait a few minutes for the action to propagate to our systems and retry.","errors":[{"message":"Compute Engine API has not been used in project 781811004685 before or it is disabled. Enable it by visiting https://console.developers.google.com/apis/api/compute.googleapis.com/overview?project=781811004685 then retry. If you enabled this API recently, wait a few minutes for the action to propagate to our systems and retry.","domain":"usageLimits","reason":"accessNotConfigured","extendedHelp":"https://console.developers.google.com"}],"status":"PERMISSION_DENIED","details":[{"@type":"type.googleapis.com/google.rpc.ErrorInfo","reason":"SERVICE_DISABLED","domain":"googleapis.com","metadata":{"serviceTitle":"Compute Engine API","consumer":"projects/781811004685","containerInfo":"781811004685","service":"compute.googleapis.com","activationUrl":"https://console.developers.google.com/apis/api/compute.googleapis.com/overview?project=781811004685"}},{"@type":"type.googleapis.com/google.rpc.LocalizedMessage","locale":"en-US","message":"Compute Engine API has not been used in project 781811004685 before or it is disabled. Enable it by visiting https://console.developers.google.com/apis/api/compute.googleapis.com/overview?project=781811004685 then retry. If you enabled this API recently, wait a few minutes for the action to propagate to our systems and retry."},{"@type":"type.googleapis.com/google.rpc.Help","links":[{"description":"Google developers console API activation","url":"https://console.developers.google.com/apis/api/compute.googleapis.com/overview?project=781811004685"}]}]}}
[debug] [2026-02-18T04:11:03.774Z] unable to look up default compute service account. Falling back to 781811004685-compute@developer.gserviceaccount.com. Error: {"name":"FirebaseError","children":[],"context":{"body":{"error":{"code":403,"message":"Compute Engine API has not been used in project 781811004685 before or it is disabled. Enable it by visiting https://console.developers.google.com/apis/api/compute.googleapis.com/overview?project=781811004685 then retry. If you enabled this API recently, wait a few minutes for the action to propagate to our systems and retry.","errors":[{"message":"Compute Engine API has not been used in project 781811004685 before or it is disabled. Enable it by visiting https://console.developers.google.com/apis/api/compute.googleapis.com/overview?project=781811004685 then retry. If you enabled this API recently, wait a few minutes for the action to propagate to our systems and retry.","domain":"usageLimits","reason":"accessNotConfigured","extendedHelp":"https://console.developers.google.com"}],"status":"PERMISSION_DENIED","details":[{"@type":"type.googleapis.com/google.rpc.ErrorInfo","reason":"SERVICE_DISABLED","domain":"googleapis.com","metadata":{"serviceTitle":"Compute Engine API","consumer":"projects/781811004685","containerInfo":"781811004685","service":"compute.googleapis.com","activationUrl":"https://console.developers.google.com/apis/api/compute.googleapis.com/overview?project=781811004685"}},{"@type":"type.googleapis.com/google.rpc.LocalizedMessage","locale":"en-US","message":"Compute Engine API has not been used in project 781811004685 before or it is disabled. Enable it by visiting https://console.developers.google.com/apis/api/compute.googleapis.com/overview?project=781811004685 then retry. If you enabled this API recently, wait a few minutes for the action to propagate to our systems and retry."},{"@type":"type.googleapis.com/google.rpc.Help","links":[{"description":"Google developers console API activation","url":"https://console.developers.google.com/apis/api/compute.googleapis.com/overview?project=781811004685"}]}]}},"response":{"statusCode":403}},"exit":1,"message":"Request to https://compute.googleapis.com/compute/v1/projects/781811004685 had HTTP Error: 403, Compute Engine API has not been used in project 781811004685 before or it is disabled. Enable it by visiting https://console.developers.google.com/apis/api/compute.googleapis.com/overview?project=781811004685 then retry. If you enabled this API recently, wait a few minutes for the action to propagate to our systems and retry.","status":403}
[debug] [2026-02-18T04:11:03.776Z] No OAuth tokens found
[debug] [2026-02-18T04:11:03.776Z] >>> [apiv2][query] GET https://cloudbilling.googleapis.com/v1/projects/aivo-4jxhn9zkzwiw-4402/billingInfo [none]
[debug] [2026-02-18T04:11:04.815Z] <<< [apiv2][status] GET https://cloudbilling.googleapis.com/v1/projects/aivo-4jxhn9zkzwiw-4402/billingInfo 403
[debug] [2026-02-18T04:11:04.816Z] <<< [apiv2][body] GET https://cloudbilling.googleapis.com/v1/projects/aivo-4jxhn9zkzwiw-4402/billingInfo {"error":{"code":403,"message":"Cloud Billing API has not been used in project 781811004685 before or it is disabled. Enable it by visiting https://console.developers.google.com/apis/api/cloudbilling.googleapis.com/overview?project=781811004685 then retry. If you enabled this API recently, wait a few minutes for the action to propagate to our systems and retry.","status":"PERMISSION_DENIED","details":[{"@type":"type.googleapis.com/google.rpc.ErrorInfo","reason":"SERVICE_DISABLED","domain":"googleapis.com","metadata":{"consumer":"projects/781811004685","containerInfo":"781811004685","activationUrl":"https://console.developers.google.com/apis/api/cloudbilling.googleapis.com/overview?project=781811004685","serviceTitle":"Cloud Billing API","service":"cloudbilling.googleapis.com"}},{"@type":"type.googleapis.com/google.rpc.LocalizedMessage","locale":"en-US","message":"Cloud Billing API has not been used in project 781811004685 before or it is disabled. Enable it by visiting https://console.developers.google.com/apis/api/cloudbilling.googleapis.com/overview?project=781811004685 then retry. If you enabled this API recently, wait a few minutes for the action to propagate to our systems and retry."},{"@type":"type.googleapis.com/google.rpc.Help","links":[{"description":"Google developers console API activation","url":"https://console.developers.google.com/apis/api/cloudbilling.googleapis.com/overview?project=781811004685"}]}]}}
[error] 
[error] Error: Request to https://cloudbilling.googleapis.com/v1/projects/aivo-4jxhn9zkzwiw-4402/billingInfo had HTTP Error: 403, Cloud Billing API has not been used in project 781811004685 before or it is disabled. Enable it by visiting https://console.developers.google.com/apis/api/cloudbilling.googleapis.com/overview?project=781811004685 then retry. If you enabled this API recently, wait a few minutes for the action to propagate to our systems and retry.
[debug] [2026-02-18T04:11:04.819Z] Error Context: {
  "body": {
    "error": {
      "code": 403,
      "message": "Cloud Billing API has not been used in project 781811004685 before or it is disabled. Enable it by visiting https://console.developers.google.com/apis/api/cloudbilling.googleapis.com/overview?project=781811004685 then retry. If you enabled this API recently, wait a few minutes for the action to propagate to our systems and retry.",
      "status": "PERMISSION_DENIED",
      "details": [
        {
          "@type": "type.googleapis.com/google.rpc.ErrorInfo",
          "reason": "SERVICE_DISABLED",
          "domain": "googleapis.com",
          "metadata": {
            "consumer": "projects/781811004685",
            "containerInfo": "781811004685",
            "activationUrl": "https://console.developers.google.com/apis/api/cloudbilling.googleapis.com/overview?project=781811004685",
            "serviceTitle": "Cloud Billing API",
            "service": "cloudbilling.googleapis.com"
          }
        },
        {
          "@type": "type.googleapis.com/google.rpc.LocalizedMessage",
          "locale": "en-US",
          "message": "Cloud Billing API has not been used in project 781811004685 before or it is disabled. Enable it by visiting https://console.developers.google.com/apis/api/cloudbilling.googleapis.com/overview?project=781811004685 then retry. If you enabled this API recently, wait a few minutes for the action to propagate to our systems and retry."
        },
        {
          "@type": "type.googleapis.com/google.rpc.Help",
          "links": [
            {
              "description": "Google developers console API activation",
              "url": "https://console.developers.google.com/apis/api/cloudbilling.googleapis.com/overview?project=781811004685"
            }
          ]
        }
      ]
    }
  },
  "response": {
    "statusCode": 403
  }
}
[debug] [2026-02-18T04:15:53.786Z] ----------------------------------------------------------------------
[debug] [2026-02-18T04:15:53.787Z] Command:       /Users/alejandrosilva/.nvm/versions/node/v20.19.0/bin/node /Users/alejandrosilva/.nvm/versions/node/v20.19.0/bin/firebase deploy --only functions --project aivo-4jxhn9zkzwiw-4402 --non-interactive --force --debug
[debug] [2026-02-18T04:15:53.788Z] CLI Version:   14.22.0
[debug] [2026-02-18T04:15:53.788Z] Platform:      darwin
[debug] [2026-02-18T04:15:53.788Z] Node Version:  v20.19.0
[debug] [2026-02-18T04:15:53.788Z] Time:          Wed Feb 18 2026 01:15:53 GMT-0300 (Uruguay Standard Time)
[debug] [2026-02-18T04:15:53.788Z] ----------------------------------------------------------------------
[debug] 
[debug] [2026-02-18T04:15:53.883Z] > command requires scopes: ["email","openid","https://www.googleapis.com/auth/cloudplatformprojects.readonly","https://www.googleapis.com/auth/firebase","https://www.googleapis.com/auth/cloud-platform"]
[debug] [2026-02-18T04:15:54.053Z] Running auto auth
[debug] [2026-02-18T04:15:54.053Z] [iam] checking project aivo-4jxhn9zkzwiw-4402 for permissions ["cloudfunctions.functions.create","cloudfunctions.functions.delete","cloudfunctions.functions.get","cloudfunctions.functions.list","cloudfunctions.functions.update","cloudfunctions.operations.get","firebase.projects.get"]
[debug] [2026-02-18T04:15:54.054Z] No OAuth tokens found
[debug] [2026-02-18T04:15:54.055Z] >>> [apiv2][query] POST https://cloudresourcemanager.googleapis.com/v1/projects/aivo-4jxhn9zkzwiw-4402:testIamPermissions [none]
[debug] [2026-02-18T04:15:54.055Z] >>> [apiv2][(partial)header] POST https://cloudresourcemanager.googleapis.com/v1/projects/aivo-4jxhn9zkzwiw-4402:testIamPermissions x-goog-quota-user=projects/aivo-4jxhn9zkzwiw-4402
[debug] [2026-02-18T04:15:54.055Z] >>> [apiv2][body] POST https://cloudresourcemanager.googleapis.com/v1/projects/aivo-4jxhn9zkzwiw-4402:testIamPermissions {"permissions":["cloudfunctions.functions.create","cloudfunctions.functions.delete","cloudfunctions.functions.get","cloudfunctions.functions.list","cloudfunctions.functions.update","cloudfunctions.operations.get","firebase.projects.get"]}
[debug] [2026-02-18T04:15:55.022Z] <<< [apiv2][status] POST https://cloudresourcemanager.googleapis.com/v1/projects/aivo-4jxhn9zkzwiw-4402:testIamPermissions 200
[debug] [2026-02-18T04:15:55.023Z] <<< [apiv2][body] POST https://cloudresourcemanager.googleapis.com/v1/projects/aivo-4jxhn9zkzwiw-4402:testIamPermissions {"permissions":["cloudfunctions.functions.create","cloudfunctions.functions.delete","cloudfunctions.functions.get","cloudfunctions.functions.list","cloudfunctions.functions.update","cloudfunctions.operations.get","firebase.projects.get"]}
[debug] [2026-02-18T04:15:55.024Z] No OAuth tokens found
[debug] [2026-02-18T04:15:55.025Z] >>> [apiv2][query] POST https://iam.googleapis.com/v1/projects/aivo-4jxhn9zkzwiw-4402/serviceAccounts/aivo-4jxhn9zkzwiw-4402@appspot.gserviceaccount.com:testIamPermissions [none]
[debug] [2026-02-18T04:15:55.026Z] >>> [apiv2][body] POST https://iam.googleapis.com/v1/projects/aivo-4jxhn9zkzwiw-4402/serviceAccounts/aivo-4jxhn9zkzwiw-4402@appspot.gserviceaccount.com:testIamPermissions {"permissions":["iam.serviceAccounts.actAs"]}
[debug] [2026-02-18T04:15:55.976Z] <<< [apiv2][status] POST https://iam.googleapis.com/v1/projects/aivo-4jxhn9zkzwiw-4402/serviceAccounts/aivo-4jxhn9zkzwiw-4402@appspot.gserviceaccount.com:testIamPermissions 200
[debug] [2026-02-18T04:15:55.976Z] <<< [apiv2][body] POST https://iam.googleapis.com/v1/projects/aivo-4jxhn9zkzwiw-4402/serviceAccounts/aivo-4jxhn9zkzwiw-4402@appspot.gserviceaccount.com:testIamPermissions {"permissions":["iam.serviceAccounts.actAs"]}
[info] 
[info] === Deploying to 'aivo-4jxhn9zkzwiw-4402'...
[info] 
[info] i  deploying functions 
[info] Running command: npm run build
[info] ✔  functions: Finished running predeploy script. 
[debug] [2026-02-18T04:15:57.244Z] No OAuth tokens found
[debug] [2026-02-18T04:15:57.244Z] >>> [apiv2][query] GET https://cloudresourcemanager.googleapis.com/v1/projects/aivo-4jxhn9zkzwiw-4402 [none]
[debug] [2026-02-18T04:15:57.471Z] <<< [apiv2][status] GET https://cloudresourcemanager.googleapis.com/v1/projects/aivo-4jxhn9zkzwiw-4402 200
[debug] [2026-02-18T04:15:57.471Z] <<< [apiv2][body] GET https://cloudresourcemanager.googleapis.com/v1/projects/aivo-4jxhn9zkzwiw-4402 {"projectNumber":"781811004685","projectId":"aivo-4jxhn9zkzwiw-4402","lifecycleState":"ACTIVE","name":"AIVO - aivo-4jxhn9zkzwiw-4402","labels":{"firebase":"enabled","firebase-core":"disabled"},"createTime":"2026-02-18T04:08:06.427336Z","parent":{"type":"organization","id":"283194625711"}}
[info] i  functions: preparing codebase default for deployment 
[info] i  functions: ensuring required API cloudfunctions.googleapis.com is enabled... 
[info] i  functions: ensuring required API cloudbuild.googleapis.com is enabled... 
[info] i  artifactregistry: ensuring required API artifactregistry.googleapis.com is enabled... 
[debug] [2026-02-18T04:15:57.474Z] No OAuth tokens found
[debug] [2026-02-18T04:15:57.475Z] >>> [apiv2][query] GET https://firebase.googleapis.com/v1beta1/projects/aivo-4jxhn9zkzwiw-4402/adminSdkConfig [none]
[debug] [2026-02-18T04:15:58.105Z] <<< [apiv2][status] GET https://firebase.googleapis.com/v1beta1/projects/aivo-4jxhn9zkzwiw-4402/adminSdkConfig 200
[debug] [2026-02-18T04:15:58.105Z] <<< [apiv2][body] GET https://firebase.googleapis.com/v1beta1/projects/aivo-4jxhn9zkzwiw-4402/adminSdkConfig {"projectId":"aivo-4jxhn9zkzwiw-4402","storageBucket":"aivo-4jxhn9zkzwiw-4402.firebasestorage.app"}
[debug] [2026-02-18T04:15:58.106Z] No OAuth tokens found
[debug] [2026-02-18T04:15:58.106Z] >>> [apiv2][query] GET https://runtimeconfig.googleapis.com/v1beta1/projects/aivo-4jxhn9zkzwiw-4402/configs [none]
[debug] [2026-02-18T04:15:58.478Z] <<< [apiv2][status] GET https://runtimeconfig.googleapis.com/v1beta1/projects/aivo-4jxhn9zkzwiw-4402/configs 200
[debug] [2026-02-18T04:15:58.478Z] <<< [apiv2][body] GET https://runtimeconfig.googleapis.com/v1beta1/projects/aivo-4jxhn9zkzwiw-4402/configs {}
[debug] [2026-02-18T04:15:58.479Z] Validating nodejs source
[warn] ⚠  functions: Runtime Node.js 20 will be deprecated on 2026-04-30 and will be decommissioned on 2026-10-30, after which you will not be able to deploy without upgrading. Consider upgrading now to avoid disruption. See https://cloud.google.com/functions/docs/runtime-support for full details on the lifecycle policy 
[warn] ⚠  functions: package.json indicates an outdated version of firebase-functions. Please upgrade using npm install --save firebase-functions@latest in your functions directory. 
[warn] ⚠  functions: Please note that there will be breaking changes when you upgrade. 
[debug] [2026-02-18T04:15:58.870Z] > [functions] package.json contents: {
  "name": "market-uy-backend",
  "version": "1.0.0",
  "description": "Backend API for Market Uy self-checkout ordering system",
  "main": "dist/index.js",
  "engines": {
    "node": "20"
  },
  "scripts": {
    "build": "tsc",
    "start": "node dist/index.js",
    "dev": "ts-node src/index.ts",
    "lint": "eslint src --ext .ts",
    "test": "jest"
  },
  "dependencies": {
    "cors": "^2.8.5",
    "dotenv": "^16.3.1",
    "express": "^4.18.2",
    "firebase-admin": "^12.0.0",
    "firebase-functions": "^5.0.1",
    "joi": "^17.11.0",
    "uuid": "^9.0.1"
  },
  "devDependencies": {
    "@types/cors": "^2.8.17",
    "@types/express": "^4.17.21",
    "@types/jest": "^29.5.11",
    "@types/node": "^20.10.6",
    "@types/supertest": "^6.0.3",
    "@types/uuid": "^10.0.0",
    "@typescript-eslint/eslint-plugin": "^6.17.0",
    "@typescript-eslint/parser": "^6.17.0",
    "eslint": "^8.56.0",
    "jest": "^29.7.0",
    "supertest": "^7.2.2",
    "ts-jest": "^29.1.1",
    "ts-node": "^10.9.2",
    "typescript": "^5.3.3"
  }
}
[debug] [2026-02-18T04:15:58.870Z] Building nodejs source
[info] i  functions: Loading and analyzing source code for codebase default to determine what to deploy 
[debug] [2026-02-18T04:15:58.871Z] Could not find functions.yaml. Must use http discovery
[debug] [2026-02-18T04:15:58.876Z] Found firebase-functions binary at '/private/tmp/aivo-projects/4JxhN9zKZwIWf3uWxgJd/backend/node_modules/.bin/firebase-functions'
[info] Serving at port 8378

[info] Firebase initialized successfully

[debug] [2026-02-18T04:15:59.117Z] Got response from /__/functions.yaml {"endpoints":{"api":{"availableMemoryMb":null,"timeoutSeconds":null,"minInstances":null,"maxInstances":null,"ingressSettings":null,"concurrency":null,"serviceAccountEmail":null,"vpc":null,"platform":"gcfv2","labels":{},"httpsTrigger":{},"entryPoint":"api"}},"specVersion":"v1alpha1","requiredAPIs":[],"extensions":{}}
[info] i  extensions: ensuring required API firebaseextensions.googleapis.com is enabled... 
[debug] [2026-02-18T04:16:03.136Z] > command requires scopes: ["email","openid","https://www.googleapis.com/auth/cloudplatformprojects.readonly","https://www.googleapis.com/auth/firebase","https://www.googleapis.com/auth/cloud-platform"]
[debug] [2026-02-18T04:16:03.136Z] Running auto auth
[debug] [2026-02-18T04:16:03.136Z] [iam] checking project aivo-4jxhn9zkzwiw-4402 for permissions ["firebase.projects.get","firebaseextensions.instances.list"]
[debug] [2026-02-18T04:16:03.137Z] No OAuth tokens found
[debug] [2026-02-18T04:16:03.137Z] >>> [apiv2][query] POST https://cloudresourcemanager.googleapis.com/v1/projects/aivo-4jxhn9zkzwiw-4402:testIamPermissions [none]
[debug] [2026-02-18T04:16:03.137Z] >>> [apiv2][(partial)header] POST https://cloudresourcemanager.googleapis.com/v1/projects/aivo-4jxhn9zkzwiw-4402:testIamPermissions x-goog-quota-user=projects/aivo-4jxhn9zkzwiw-4402
[debug] [2026-02-18T04:16:03.137Z] >>> [apiv2][body] POST https://cloudresourcemanager.googleapis.com/v1/projects/aivo-4jxhn9zkzwiw-4402:testIamPermissions {"permissions":["firebase.projects.get","firebaseextensions.instances.list"]}
[debug] [2026-02-18T04:16:04.008Z] <<< [apiv2][status] POST https://cloudresourcemanager.googleapis.com/v1/projects/aivo-4jxhn9zkzwiw-4402:testIamPermissions 200
[debug] [2026-02-18T04:16:04.008Z] <<< [apiv2][body] POST https://cloudresourcemanager.googleapis.com/v1/projects/aivo-4jxhn9zkzwiw-4402:testIamPermissions {"permissions":["firebase.projects.get","firebaseextensions.instances.list"]}
[debug] [2026-02-18T04:16:04.009Z] No OAuth tokens found
[debug] [2026-02-18T04:16:04.009Z] >>> [apiv2][query] GET https://firebaseextensions.googleapis.com/v1beta/projects/aivo-4jxhn9zkzwiw-4402/instances pageSize=100&pageToken=
[debug] [2026-02-18T04:16:05.069Z] <<< [apiv2][status] GET https://firebaseextensions.googleapis.com/v1beta/projects/aivo-4jxhn9zkzwiw-4402/instances 200
[debug] [2026-02-18T04:16:05.069Z] <<< [apiv2][body] GET https://firebaseextensions.googleapis.com/v1beta/projects/aivo-4jxhn9zkzwiw-4402/instances {}
[info] i  functions: preparing . directory for uploading... 
[info] i  functions: packaged /private/tmp/aivo-projects/4JxhN9zKZwIWf3uWxgJd/backend (137.48 KB) for uploading 
[debug] [2026-02-18T04:16:05.169Z] No OAuth tokens found
[debug] [2026-02-18T04:16:05.169Z] >>> [apiv2][query] GET https://cloudfunctions.googleapis.com/v1/projects/aivo-4jxhn9zkzwiw-4402/locations/-/functions [none]
[debug] [2026-02-18T04:16:06.138Z] <<< [apiv2][status] GET https://cloudfunctions.googleapis.com/v1/projects/aivo-4jxhn9zkzwiw-4402/locations/-/functions 200
[debug] [2026-02-18T04:16:06.138Z] <<< [apiv2][body] GET https://cloudfunctions.googleapis.com/v1/projects/aivo-4jxhn9zkzwiw-4402/locations/-/functions {}
[debug] [2026-02-18T04:16:06.139Z] No OAuth tokens found
[debug] [2026-02-18T04:16:06.140Z] >>> [apiv2][query] GET https://cloudfunctions.googleapis.com/v2/projects/aivo-4jxhn9zkzwiw-4402/locations/-/functions filter=environment%3D%22GEN_2%22
[debug] [2026-02-18T04:16:07.630Z] <<< [apiv2][status] GET https://cloudfunctions.googleapis.com/v2/projects/aivo-4jxhn9zkzwiw-4402/locations/-/functions 200
[debug] [2026-02-18T04:16:07.630Z] <<< [apiv2][body] GET https://cloudfunctions.googleapis.com/v2/projects/aivo-4jxhn9zkzwiw-4402/locations/-/functions {}
[info] i  functions: ensuring required API run.googleapis.com is enabled... 
[info] i  functions: ensuring required API eventarc.googleapis.com is enabled... 
[info] i  functions: ensuring required API pubsub.googleapis.com is enabled... 
[info] i  functions: ensuring required API storage.googleapis.com is enabled... 
[info] i  functions: generating the service identity for pubsub.googleapis.com... 
[debug] [2026-02-18T04:16:07.635Z] No OAuth tokens found
[info] i  functions: generating the service identity for eventarc.googleapis.com... 
[debug] [2026-02-18T04:16:07.635Z] No OAuth tokens found
[debug] [2026-02-18T04:16:07.635Z] >>> [apiv2][query] POST https://serviceusage.googleapis.com/v1beta1/projects/781811004685/services/pubsub.googleapis.com:generateServiceIdentity [none]
[debug] [2026-02-18T04:16:07.635Z] >>> [apiv2][(partial)header] POST https://serviceusage.googleapis.com/v1beta1/projects/781811004685/services/pubsub.googleapis.com:generateServiceIdentity x-goog-quota-user=projects/781811004685
[debug] [2026-02-18T04:16:07.635Z] >>> [apiv2][body] POST https://serviceusage.googleapis.com/v1beta1/projects/781811004685/services/pubsub.googleapis.com:generateServiceIdentity {}
[debug] [2026-02-18T04:16:07.637Z] >>> [apiv2][query] POST https://serviceusage.googleapis.com/v1beta1/projects/781811004685/services/eventarc.googleapis.com:generateServiceIdentity [none]
[debug] [2026-02-18T04:16:07.637Z] >>> [apiv2][(partial)header] POST https://serviceusage.googleapis.com/v1beta1/projects/781811004685/services/eventarc.googleapis.com:generateServiceIdentity x-goog-quota-user=projects/781811004685
[debug] [2026-02-18T04:16:07.637Z] >>> [apiv2][body] POST https://serviceusage.googleapis.com/v1beta1/projects/781811004685/services/eventarc.googleapis.com:generateServiceIdentity {}
[debug] [2026-02-18T04:16:08.789Z] <<< [apiv2][status] POST https://serviceusage.googleapis.com/v1beta1/projects/781811004685/services/eventarc.googleapis.com:generateServiceIdentity 200
[debug] [2026-02-18T04:16:08.790Z] <<< [apiv2][body] POST https://serviceusage.googleapis.com/v1beta1/projects/781811004685/services/eventarc.googleapis.com:generateServiceIdentity {"name":"operations/finished.DONE_OPERATION","done":true,"response":{"@type":"type.googleapis.com/google.api.serviceusage.v1beta1.ServiceIdentity","email":"service-781811004685@gcp-sa-eventarc.iam.gserviceaccount.com","uniqueId":"106210261091979292001"}}
[debug] [2026-02-18T04:16:08.803Z] <<< [apiv2][status] POST https://serviceusage.googleapis.com/v1beta1/projects/781811004685/services/pubsub.googleapis.com:generateServiceIdentity 200
[debug] [2026-02-18T04:16:08.803Z] <<< [apiv2][body] POST https://serviceusage.googleapis.com/v1beta1/projects/781811004685/services/pubsub.googleapis.com:generateServiceIdentity {"name":"operations/finished.DONE_OPERATION","done":true,"response":{"@type":"type.googleapis.com/google.api.serviceusage.v1beta1.ServiceIdentity","email":"service-781811004685@gcp-sa-pubsub.iam.gserviceaccount.com","uniqueId":"103474511910076932089"}}
[debug] [2026-02-18T04:16:08.807Z] No OAuth tokens found
[debug] [2026-02-18T04:16:08.808Z] >>> [apiv2][query] GET https://cloudresourcemanager.googleapis.com/v1/projects/aivo-4jxhn9zkzwiw-4402 [none]
[debug] [2026-02-18T04:16:09.029Z] <<< [apiv2][status] GET https://cloudresourcemanager.googleapis.com/v1/projects/aivo-4jxhn9zkzwiw-4402 200
[debug] [2026-02-18T04:16:09.029Z] <<< [apiv2][body] GET https://cloudresourcemanager.googleapis.com/v1/projects/aivo-4jxhn9zkzwiw-4402 {"projectNumber":"781811004685","projectId":"aivo-4jxhn9zkzwiw-4402","lifecycleState":"ACTIVE","name":"AIVO - aivo-4jxhn9zkzwiw-4402","labels":{"firebase":"enabled","firebase-core":"disabled"},"createTime":"2026-02-18T04:08:06.427336Z","parent":{"type":"organization","id":"283194625711"}}
[debug] [2026-02-18T04:16:09.030Z] No OAuth tokens found
[debug] [2026-02-18T04:16:09.031Z] >>> [apiv2][query] GET https://compute.googleapis.com/compute/v1/projects/781811004685 [none]
[debug] [2026-02-18T04:16:09.350Z] <<< [apiv2][status] GET https://compute.googleapis.com/compute/v1/projects/781811004685 403
[debug] [2026-02-18T04:16:09.350Z] <<< [apiv2][body] GET https://compute.googleapis.com/compute/v1/projects/781811004685 {"error":{"code":403,"message":"Compute Engine API has not been used in project 781811004685 before or it is disabled. Enable it by visiting https://console.developers.google.com/apis/api/compute.googleapis.com/overview?project=781811004685 then retry. If you enabled this API recently, wait a few minutes for the action to propagate to our systems and retry.","errors":[{"message":"Compute Engine API has not been used in project 781811004685 before or it is disabled. Enable it by visiting https://console.developers.google.com/apis/api/compute.googleapis.com/overview?project=781811004685 then retry. If you enabled this API recently, wait a few minutes for the action to propagate to our systems and retry.","domain":"usageLimits","reason":"accessNotConfigured","extendedHelp":"https://console.developers.google.com"}],"status":"PERMISSION_DENIED","details":[{"@type":"type.googleapis.com/google.rpc.ErrorInfo","reason":"SERVICE_DISABLED","domain":"googleapis.com","metadata":{"service":"compute.googleapis.com","consumer":"projects/781811004685","activationUrl":"https://console.developers.google.com/apis/api/compute.googleapis.com/overview?project=781811004685","serviceTitle":"Compute Engine API","containerInfo":"781811004685"}},{"@type":"type.googleapis.com/google.rpc.LocalizedMessage","locale":"en-US","message":"Compute Engine API has not been used in project 781811004685 before or it is disabled. Enable it by visiting https://console.developers.google.com/apis/api/compute.googleapis.com/overview?project=781811004685 then retry. If you enabled this API recently, wait a few minutes for the action to propagate to our systems and retry."},{"@type":"type.googleapis.com/google.rpc.Help","links":[{"description":"Google developers console API activation","url":"https://console.developers.google.com/apis/api/compute.googleapis.com/overview?project=781811004685"}]}]}}
[debug] [2026-02-18T04:16:09.352Z] unable to look up default compute service account. Falling back to 781811004685-compute@developer.gserviceaccount.com. Error: {"name":"FirebaseError","children":[],"context":{"body":{"error":{"code":403,"message":"Compute Engine API has not been used in project 781811004685 before or it is disabled. Enable it by visiting https://console.developers.google.com/apis/api/compute.googleapis.com/overview?project=781811004685 then retry. If you enabled this API recently, wait a few minutes for the action to propagate to our systems and retry.","errors":[{"message":"Compute Engine API has not been used in project 781811004685 before or it is disabled. Enable it by visiting https://console.developers.google.com/apis/api/compute.googleapis.com/overview?project=781811004685 then retry. If you enabled this API recently, wait a few minutes for the action to propagate to our systems and retry.","domain":"usageLimits","reason":"accessNotConfigured","extendedHelp":"https://console.developers.google.com"}],"status":"PERMISSION_DENIED","details":[{"@type":"type.googleapis.com/google.rpc.ErrorInfo","reason":"SERVICE_DISABLED","domain":"googleapis.com","metadata":{"service":"compute.googleapis.com","consumer":"projects/781811004685","activationUrl":"https://console.developers.google.com/apis/api/compute.googleapis.com/overview?project=781811004685","serviceTitle":"Compute Engine API","containerInfo":"781811004685"}},{"@type":"type.googleapis.com/google.rpc.LocalizedMessage","locale":"en-US","message":"Compute Engine API has not been used in project 781811004685 before or it is disabled. Enable it by visiting https://console.developers.google.com/apis/api/compute.googleapis.com/overview?project=781811004685 then retry. If you enabled this API recently, wait a few minutes for the action to propagate to our systems and retry."},{"@type":"type.googleapis.com/google.rpc.Help","links":[{"description":"Google developers console API activation","url":"https://console.developers.google.com/apis/api/compute.googleapis.com/overview?project=781811004685"}]}]}},"response":{"statusCode":403}},"exit":1,"message":"Request to https://compute.googleapis.com/compute/v1/projects/781811004685 had HTTP Error: 403, Compute Engine API has not been used in project 781811004685 before or it is disabled. Enable it by visiting https://console.developers.google.com/apis/api/compute.googleapis.com/overview?project=781811004685 then retry. If you enabled this API recently, wait a few minutes for the action to propagate to our systems and retry.","status":403}
[debug] [2026-02-18T04:16:09.354Z] No OAuth tokens found
[debug] [2026-02-18T04:16:09.354Z] >>> [apiv2][query] GET https://cloudbilling.googleapis.com/v1/projects/aivo-4jxhn9zkzwiw-4402/billingInfo [none]
[debug] [2026-02-18T04:16:10.410Z] <<< [apiv2][status] GET https://cloudbilling.googleapis.com/v1/projects/aivo-4jxhn9zkzwiw-4402/billingInfo 403
[debug] [2026-02-18T04:16:10.411Z] <<< [apiv2][body] GET https://cloudbilling.googleapis.com/v1/projects/aivo-4jxhn9zkzwiw-4402/billingInfo {"error":{"code":403,"message":"Cloud Billing API has not been used in project 781811004685 before or it is disabled. Enable it by visiting https://console.developers.google.com/apis/api/cloudbilling.googleapis.com/overview?project=781811004685 then retry. If you enabled this API recently, wait a few minutes for the action to propagate to our systems and retry.","status":"PERMISSION_DENIED","details":[{"@type":"type.googleapis.com/google.rpc.ErrorInfo","reason":"SERVICE_DISABLED","domain":"googleapis.com","metadata":{"service":"cloudbilling.googleapis.com","activationUrl":"https://console.developers.google.com/apis/api/cloudbilling.googleapis.com/overview?project=781811004685","serviceTitle":"Cloud Billing API","consumer":"projects/781811004685","containerInfo":"781811004685"}},{"@type":"type.googleapis.com/google.rpc.LocalizedMessage","locale":"en-US","message":"Cloud Billing API has not been used in project 781811004685 before or it is disabled. Enable it by visiting https://console.developers.google.com/apis/api/cloudbilling.googleapis.com/overview?project=781811004685 then retry. If you enabled this API recently, wait a few minutes for the action to propagate to our systems and retry."},{"@type":"type.googleapis.com/google.rpc.Help","links":[{"description":"Google developers console API activation","url":"https://console.developers.google.com/apis/api/cloudbilling.googleapis.com/overview?project=781811004685"}]}]}}
[error] 
[error] Error: Request to https://cloudbilling.googleapis.com/v1/projects/aivo-4jxhn9zkzwiw-4402/billingInfo had HTTP Error: 403, Cloud Billing API has not been used in project 781811004685 before or it is disabled. Enable it by visiting https://console.developers.google.com/apis/api/cloudbilling.googleapis.com/overview?project=781811004685 then retry. If you enabled this API recently, wait a few minutes for the action to propagate to our systems and retry.
[debug] [2026-02-18T04:16:10.413Z] Error Context: {
  "body": {
    "error": {
      "code": 403,
      "message": "Cloud Billing API has not been used in project 781811004685 before or it is disabled. Enable it by visiting https://console.developers.google.com/apis/api/cloudbilling.googleapis.com/overview?project=781811004685 then retry. If you enabled this API recently, wait a few minutes for the action to propagate to our systems and retry.",
      "status": "PERMISSION_DENIED",
      "details": [
        {
          "@type": "type.googleapis.com/google.rpc.ErrorInfo",
          "reason": "SERVICE_DISABLED",
          "domain": "googleapis.com",
          "metadata": {
            "service": "cloudbilling.googleapis.com",
            "activationUrl": "https://console.developers.google.com/apis/api/cloudbilling.googleapis.com/overview?project=781811004685",
            "serviceTitle": "Cloud Billing API",
            "consumer": "projects/781811004685",
            "containerInfo": "781811004685"
          }
        },
        {
          "@type": "type.googleapis.com/google.rpc.LocalizedMessage",
          "locale": "en-US",
          "message": "Cloud Billing API has not been used in project 781811004685 before or it is disabled. Enable it by visiting https://console.developers.google.com/apis/api/cloudbilling.googleapis.com/overview?project=781811004685 then retry. If you enabled this API recently, wait a few minutes for the action to propagate to our systems and retry."
        },
        {
          "@type": "type.googleapis.com/google.rpc.Help",
          "links": [
            {
              "description": "Google developers console API activation",
              "url": "https://console.developers.google.com/apis/api/cloudbilling.googleapis.com/overview?project=781811004685"
            }
          ]
        }
      ]
    }
  },
  "response": {
    "statusCode": 403
  }
}
[debug] [2026-02-18T04:20:03.680Z] ----------------------------------------------------------------------
[debug] [2026-02-18T04:20:03.681Z] Command:       /Users/alejandrosilva/.nvm/versions/node/v20.19.0/bin/node /Users/alejandrosilva/.nvm/versions/node/v20.19.0/bin/firebase deploy --only functions --project aivo-4jxhn9zkzwiw-4402 --non-interactive --force --debug
[debug] [2026-02-18T04:20:03.682Z] CLI Version:   14.22.0
[debug] [2026-02-18T04:20:03.682Z] Platform:      darwin
[debug] [2026-02-18T04:20:03.682Z] Node Version:  v20.19.0
[debug] [2026-02-18T04:20:03.682Z] Time:          Wed Feb 18 2026 01:20:03 GMT-0300 (Uruguay Standard Time)
[debug] [2026-02-18T04:20:03.682Z] ----------------------------------------------------------------------
[debug] 
[debug] [2026-02-18T04:20:03.775Z] > command requires scopes: ["email","openid","https://www.googleapis.com/auth/cloudplatformprojects.readonly","https://www.googleapis.com/auth/firebase","https://www.googleapis.com/auth/cloud-platform"]
[debug] [2026-02-18T04:20:03.944Z] Running auto auth
[debug] [2026-02-18T04:20:03.945Z] [iam] checking project aivo-4jxhn9zkzwiw-4402 for permissions ["cloudfunctions.functions.create","cloudfunctions.functions.delete","cloudfunctions.functions.get","cloudfunctions.functions.list","cloudfunctions.functions.update","cloudfunctions.operations.get","firebase.projects.get"]
[debug] [2026-02-18T04:20:03.946Z] No OAuth tokens found
[debug] [2026-02-18T04:20:03.947Z] >>> [apiv2][query] POST https://cloudresourcemanager.googleapis.com/v1/projects/aivo-4jxhn9zkzwiw-4402:testIamPermissions [none]
[debug] [2026-02-18T04:20:03.947Z] >>> [apiv2][(partial)header] POST https://cloudresourcemanager.googleapis.com/v1/projects/aivo-4jxhn9zkzwiw-4402:testIamPermissions x-goog-quota-user=projects/aivo-4jxhn9zkzwiw-4402
[debug] [2026-02-18T04:20:03.947Z] >>> [apiv2][body] POST https://cloudresourcemanager.googleapis.com/v1/projects/aivo-4jxhn9zkzwiw-4402:testIamPermissions {"permissions":["cloudfunctions.functions.create","cloudfunctions.functions.delete","cloudfunctions.functions.get","cloudfunctions.functions.list","cloudfunctions.functions.update","cloudfunctions.operations.get","firebase.projects.get"]}
[debug] [2026-02-18T04:20:04.959Z] <<< [apiv2][status] POST https://cloudresourcemanager.googleapis.com/v1/projects/aivo-4jxhn9zkzwiw-4402:testIamPermissions 200
[debug] [2026-02-18T04:20:04.960Z] <<< [apiv2][body] POST https://cloudresourcemanager.googleapis.com/v1/projects/aivo-4jxhn9zkzwiw-4402:testIamPermissions {"permissions":["cloudfunctions.functions.create","cloudfunctions.functions.delete","cloudfunctions.functions.get","cloudfunctions.functions.list","cloudfunctions.functions.update","cloudfunctions.operations.get","firebase.projects.get"]}
[debug] [2026-02-18T04:20:04.961Z] No OAuth tokens found
[debug] [2026-02-18T04:20:04.962Z] >>> [apiv2][query] POST https://iam.googleapis.com/v1/projects/aivo-4jxhn9zkzwiw-4402/serviceAccounts/aivo-4jxhn9zkzwiw-4402@appspot.gserviceaccount.com:testIamPermissions [none]
[debug] [2026-02-18T04:20:04.962Z] >>> [apiv2][body] POST https://iam.googleapis.com/v1/projects/aivo-4jxhn9zkzwiw-4402/serviceAccounts/aivo-4jxhn9zkzwiw-4402@appspot.gserviceaccount.com:testIamPermissions {"permissions":["iam.serviceAccounts.actAs"]}
[debug] [2026-02-18T04:20:05.916Z] <<< [apiv2][status] POST https://iam.googleapis.com/v1/projects/aivo-4jxhn9zkzwiw-4402/serviceAccounts/aivo-4jxhn9zkzwiw-4402@appspot.gserviceaccount.com:testIamPermissions 200
[debug] [2026-02-18T04:20:05.916Z] <<< [apiv2][body] POST https://iam.googleapis.com/v1/projects/aivo-4jxhn9zkzwiw-4402/serviceAccounts/aivo-4jxhn9zkzwiw-4402@appspot.gserviceaccount.com:testIamPermissions {"permissions":["iam.serviceAccounts.actAs"]}
[info] 
[info] === Deploying to 'aivo-4jxhn9zkzwiw-4402'...
[info] 
[info] i  deploying functions 
[info] Running command: npm run build
[info] ✔  functions: Finished running predeploy script. 
[debug] [2026-02-18T04:20:07.155Z] No OAuth tokens found
[debug] [2026-02-18T04:20:07.155Z] >>> [apiv2][query] GET https://cloudresourcemanager.googleapis.com/v1/projects/aivo-4jxhn9zkzwiw-4402 [none]
[debug] [2026-02-18T04:20:07.416Z] <<< [apiv2][status] GET https://cloudresourcemanager.googleapis.com/v1/projects/aivo-4jxhn9zkzwiw-4402 200
[debug] [2026-02-18T04:20:07.417Z] <<< [apiv2][body] GET https://cloudresourcemanager.googleapis.com/v1/projects/aivo-4jxhn9zkzwiw-4402 {"projectNumber":"781811004685","projectId":"aivo-4jxhn9zkzwiw-4402","lifecycleState":"ACTIVE","name":"AIVO - aivo-4jxhn9zkzwiw-4402","labels":{"firebase":"enabled","firebase-core":"disabled"},"createTime":"2026-02-18T04:08:06.427336Z","parent":{"type":"organization","id":"283194625711"}}
[info] i  functions: preparing codebase default for deployment 
[info] i  functions: ensuring required API cloudfunctions.googleapis.com is enabled... 
[info] i  functions: ensuring required API cloudbuild.googleapis.com is enabled... 
[info] i  artifactregistry: ensuring required API artifactregistry.googleapis.com is enabled... 
[debug] [2026-02-18T04:20:07.420Z] No OAuth tokens found
[debug] [2026-02-18T04:20:07.420Z] >>> [apiv2][query] GET https://firebase.googleapis.com/v1beta1/projects/aivo-4jxhn9zkzwiw-4402/adminSdkConfig [none]
[debug] [2026-02-18T04:20:08.066Z] <<< [apiv2][status] GET https://firebase.googleapis.com/v1beta1/projects/aivo-4jxhn9zkzwiw-4402/adminSdkConfig 200
[debug] [2026-02-18T04:20:08.067Z] <<< [apiv2][body] GET https://firebase.googleapis.com/v1beta1/projects/aivo-4jxhn9zkzwiw-4402/adminSdkConfig {"projectId":"aivo-4jxhn9zkzwiw-4402","storageBucket":"aivo-4jxhn9zkzwiw-4402.firebasestorage.app"}
[debug] [2026-02-18T04:20:08.068Z] No OAuth tokens found
[debug] [2026-02-18T04:20:08.068Z] >>> [apiv2][query] GET https://runtimeconfig.googleapis.com/v1beta1/projects/aivo-4jxhn9zkzwiw-4402/configs [none]
[debug] [2026-02-18T04:20:08.549Z] <<< [apiv2][status] GET https://runtimeconfig.googleapis.com/v1beta1/projects/aivo-4jxhn9zkzwiw-4402/configs 200
[debug] [2026-02-18T04:20:08.549Z] <<< [apiv2][body] GET https://runtimeconfig.googleapis.com/v1beta1/projects/aivo-4jxhn9zkzwiw-4402/configs {}
[debug] [2026-02-18T04:20:08.551Z] Validating nodejs source
[warn] ⚠  functions: Runtime Node.js 20 will be deprecated on 2026-04-30 and will be decommissioned on 2026-10-30, after which you will not be able to deploy without upgrading. Consider upgrading now to avoid disruption. See https://cloud.google.com/functions/docs/runtime-support for full details on the lifecycle policy 
[warn] ⚠  functions: package.json indicates an outdated version of firebase-functions. Please upgrade using npm install --save firebase-functions@latest in your functions directory. 
[warn] ⚠  functions: Please note that there will be breaking changes when you upgrade. 
[debug] [2026-02-18T04:20:09.188Z] > [functions] package.json contents: {
  "name": "market-uy-backend",
  "version": "1.0.0",
  "description": "Backend API for Market Uy self-checkout ordering system",
  "main": "dist/index.js",
  "engines": {
    "node": "20"
  },
  "scripts": {
    "build": "tsc",
    "start": "node dist/index.js",
    "dev": "ts-node src/index.ts",
    "lint": "eslint src --ext .ts",
    "test": "jest"
  },
  "dependencies": {
    "cors": "^2.8.5",
    "dotenv": "^16.3.1",
    "express": "^4.18.2",
    "firebase-admin": "^12.0.0",
    "firebase-functions": "^5.0.1",
    "joi": "^17.11.0",
    "uuid": "^9.0.1"
  },
  "devDependencies": {
    "@types/cors": "^2.8.17",
    "@types/express": "^4.17.21",
    "@types/jest": "^29.5.11",
    "@types/node": "^20.10.6",
    "@types/supertest": "^6.0.3",
    "@types/uuid": "^10.0.0",
    "@typescript-eslint/eslint-plugin": "^6.17.0",
    "@typescript-eslint/parser": "^6.17.0",
    "eslint": "^8.56.0",
    "jest": "^29.7.0",
    "supertest": "^7.2.2",
    "ts-jest": "^29.1.1",
    "ts-node": "^10.9.2",
    "typescript": "^5.3.3"
  }
}
[debug] [2026-02-18T04:20:09.189Z] Building nodejs source
[info] i  functions: Loading and analyzing source code for codebase default to determine what to deploy 
[debug] [2026-02-18T04:20:09.190Z] Could not find functions.yaml. Must use http discovery
[debug] [2026-02-18T04:20:09.198Z] Found firebase-functions binary at '/private/tmp/aivo-projects/4JxhN9zKZwIWf3uWxgJd/backend/node_modules/.bin/firebase-functions'
[info] Serving at port 8197

[info] Firebase initialized successfully

[debug] [2026-02-18T04:20:09.485Z] Got response from /__/functions.yaml {"endpoints":{"api":{"availableMemoryMb":null,"timeoutSeconds":null,"minInstances":null,"maxInstances":null,"ingressSettings":null,"concurrency":null,"serviceAccountEmail":null,"vpc":null,"platform":"gcfv2","labels":{},"httpsTrigger":{},"entryPoint":"api"}},"specVersion":"v1alpha1","requiredAPIs":[],"extensions":{}}
[info] i  extensions: ensuring required API firebaseextensions.googleapis.com is enabled... 
[debug] [2026-02-18T04:20:13.506Z] > command requires scopes: ["email","openid","https://www.googleapis.com/auth/cloudplatformprojects.readonly","https://www.googleapis.com/auth/firebase","https://www.googleapis.com/auth/cloud-platform"]
[debug] [2026-02-18T04:20:13.506Z] Running auto auth
[debug] [2026-02-18T04:20:13.506Z] [iam] checking project aivo-4jxhn9zkzwiw-4402 for permissions ["firebase.projects.get","firebaseextensions.instances.list"]
[debug] [2026-02-18T04:20:13.507Z] No OAuth tokens found
[debug] [2026-02-18T04:20:13.507Z] >>> [apiv2][query] POST https://cloudresourcemanager.googleapis.com/v1/projects/aivo-4jxhn9zkzwiw-4402:testIamPermissions [none]
[debug] [2026-02-18T04:20:13.507Z] >>> [apiv2][(partial)header] POST https://cloudresourcemanager.googleapis.com/v1/projects/aivo-4jxhn9zkzwiw-4402:testIamPermissions x-goog-quota-user=projects/aivo-4jxhn9zkzwiw-4402
[debug] [2026-02-18T04:20:13.507Z] >>> [apiv2][body] POST https://cloudresourcemanager.googleapis.com/v1/projects/aivo-4jxhn9zkzwiw-4402:testIamPermissions {"permissions":["firebase.projects.get","firebaseextensions.instances.list"]}
[debug] [2026-02-18T04:20:14.411Z] <<< [apiv2][status] POST https://cloudresourcemanager.googleapis.com/v1/projects/aivo-4jxhn9zkzwiw-4402:testIamPermissions 200
[debug] [2026-02-18T04:20:14.411Z] <<< [apiv2][body] POST https://cloudresourcemanager.googleapis.com/v1/projects/aivo-4jxhn9zkzwiw-4402:testIamPermissions {"permissions":["firebase.projects.get","firebaseextensions.instances.list"]}
[debug] [2026-02-18T04:20:14.412Z] No OAuth tokens found
[debug] [2026-02-18T04:20:14.413Z] >>> [apiv2][query] GET https://firebaseextensions.googleapis.com/v1beta/projects/aivo-4jxhn9zkzwiw-4402/instances pageSize=100&pageToken=
[debug] [2026-02-18T04:20:15.511Z] <<< [apiv2][status] GET https://firebaseextensions.googleapis.com/v1beta/projects/aivo-4jxhn9zkzwiw-4402/instances 200
[debug] [2026-02-18T04:20:15.511Z] <<< [apiv2][body] GET https://firebaseextensions.googleapis.com/v1beta/projects/aivo-4jxhn9zkzwiw-4402/instances {}
[info] i  functions: preparing . directory for uploading... 
[info] i  functions: packaged /private/tmp/aivo-projects/4JxhN9zKZwIWf3uWxgJd/backend (137.48 KB) for uploading 
[debug] [2026-02-18T04:20:15.600Z] No OAuth tokens found
[debug] [2026-02-18T04:20:15.600Z] >>> [apiv2][query] GET https://cloudfunctions.googleapis.com/v1/projects/aivo-4jxhn9zkzwiw-4402/locations/-/functions [none]
[debug] [2026-02-18T04:20:16.315Z] <<< [apiv2][status] GET https://cloudfunctions.googleapis.com/v1/projects/aivo-4jxhn9zkzwiw-4402/locations/-/functions 200
[debug] [2026-02-18T04:20:16.316Z] <<< [apiv2][body] GET https://cloudfunctions.googleapis.com/v1/projects/aivo-4jxhn9zkzwiw-4402/locations/-/functions {}
[debug] [2026-02-18T04:20:16.316Z] No OAuth tokens found
[debug] [2026-02-18T04:20:16.317Z] >>> [apiv2][query] GET https://cloudfunctions.googleapis.com/v2/projects/aivo-4jxhn9zkzwiw-4402/locations/-/functions filter=environment%3D%22GEN_2%22
[debug] [2026-02-18T04:20:17.654Z] <<< [apiv2][status] GET https://cloudfunctions.googleapis.com/v2/projects/aivo-4jxhn9zkzwiw-4402/locations/-/functions 200
[debug] [2026-02-18T04:20:17.654Z] <<< [apiv2][body] GET https://cloudfunctions.googleapis.com/v2/projects/aivo-4jxhn9zkzwiw-4402/locations/-/functions {}
[info] i  functions: ensuring required API run.googleapis.com is enabled... 
[info] i  functions: ensuring required API eventarc.googleapis.com is enabled... 
[info] i  functions: ensuring required API pubsub.googleapis.com is enabled... 
[info] i  functions: ensuring required API storage.googleapis.com is enabled... 
[info] i  functions: generating the service identity for pubsub.googleapis.com... 
[debug] [2026-02-18T04:20:17.658Z] No OAuth tokens found
[info] i  functions: generating the service identity for eventarc.googleapis.com... 
[debug] [2026-02-18T04:20:17.658Z] No OAuth tokens found
[debug] [2026-02-18T04:20:17.659Z] >>> [apiv2][query] POST https://serviceusage.googleapis.com/v1beta1/projects/781811004685/services/pubsub.googleapis.com:generateServiceIdentity [none]
[debug] [2026-02-18T04:20:17.659Z] >>> [apiv2][(partial)header] POST https://serviceusage.googleapis.com/v1beta1/projects/781811004685/services/pubsub.googleapis.com:generateServiceIdentity x-goog-quota-user=projects/781811004685
[debug] [2026-02-18T04:20:17.659Z] >>> [apiv2][body] POST https://serviceusage.googleapis.com/v1beta1/projects/781811004685/services/pubsub.googleapis.com:generateServiceIdentity {}
[debug] [2026-02-18T04:20:17.661Z] >>> [apiv2][query] POST https://serviceusage.googleapis.com/v1beta1/projects/781811004685/services/eventarc.googleapis.com:generateServiceIdentity [none]
[debug] [2026-02-18T04:20:17.661Z] >>> [apiv2][(partial)header] POST https://serviceusage.googleapis.com/v1beta1/projects/781811004685/services/eventarc.googleapis.com:generateServiceIdentity x-goog-quota-user=projects/781811004685
[debug] [2026-02-18T04:20:17.661Z] >>> [apiv2][body] POST https://serviceusage.googleapis.com/v1beta1/projects/781811004685/services/eventarc.googleapis.com:generateServiceIdentity {}
[debug] [2026-02-18T04:20:18.733Z] <<< [apiv2][status] POST https://serviceusage.googleapis.com/v1beta1/projects/781811004685/services/eventarc.googleapis.com:generateServiceIdentity 200
[debug] [2026-02-18T04:20:18.733Z] <<< [apiv2][body] POST https://serviceusage.googleapis.com/v1beta1/projects/781811004685/services/eventarc.googleapis.com:generateServiceIdentity {"name":"operations/finished.DONE_OPERATION","done":true,"response":{"@type":"type.googleapis.com/google.api.serviceusage.v1beta1.ServiceIdentity","email":"service-781811004685@gcp-sa-eventarc.iam.gserviceaccount.com","uniqueId":"106210261091979292001"}}
[debug] [2026-02-18T04:20:18.776Z] <<< [apiv2][status] POST https://serviceusage.googleapis.com/v1beta1/projects/781811004685/services/pubsub.googleapis.com:generateServiceIdentity 200
[debug] [2026-02-18T04:20:18.776Z] <<< [apiv2][body] POST https://serviceusage.googleapis.com/v1beta1/projects/781811004685/services/pubsub.googleapis.com:generateServiceIdentity {"name":"operations/finished.DONE_OPERATION","done":true,"response":{"@type":"type.googleapis.com/google.api.serviceusage.v1beta1.ServiceIdentity","email":"service-781811004685@gcp-sa-pubsub.iam.gserviceaccount.com","uniqueId":"103474511910076932089"}}
[debug] [2026-02-18T04:20:18.780Z] No OAuth tokens found
[debug] [2026-02-18T04:20:18.780Z] >>> [apiv2][query] GET https://cloudresourcemanager.googleapis.com/v1/projects/aivo-4jxhn9zkzwiw-4402 [none]
[debug] [2026-02-18T04:20:19.043Z] <<< [apiv2][status] GET https://cloudresourcemanager.googleapis.com/v1/projects/aivo-4jxhn9zkzwiw-4402 200
[debug] [2026-02-18T04:20:19.044Z] <<< [apiv2][body] GET https://cloudresourcemanager.googleapis.com/v1/projects/aivo-4jxhn9zkzwiw-4402 {"projectNumber":"781811004685","projectId":"aivo-4jxhn9zkzwiw-4402","lifecycleState":"ACTIVE","name":"AIVO - aivo-4jxhn9zkzwiw-4402","labels":{"firebase":"enabled","firebase-core":"disabled"},"createTime":"2026-02-18T04:08:06.427336Z","parent":{"type":"organization","id":"283194625711"}}
[debug] [2026-02-18T04:20:19.045Z] No OAuth tokens found
[debug] [2026-02-18T04:20:19.045Z] >>> [apiv2][query] GET https://compute.googleapis.com/compute/v1/projects/781811004685 [none]
[debug] [2026-02-18T04:20:19.590Z] <<< [apiv2][status] GET https://compute.googleapis.com/compute/v1/projects/781811004685 200
[debug] [2026-02-18T04:20:19.591Z] <<< [apiv2][body] GET https://compute.googleapis.com/compute/v1/projects/781811004685 {"kind":"compute#project","id":"7056946993447863203","creationTimestamp":"2026-02-17T20:17:16.852-08:00","name":"aivo-4jxhn9zkzwiw-4402","commonInstanceMetadata":{"kind":"compute#metadata","fingerprint":"qd1iZwPfUZ4="},"quotas":[{"metric":"SNAPSHOTS","limit":1000,"usage":0},{"metric":"NETWORKS","limit":5,"usage":1},{"metric":"FIREWALLS","limit":100,"usage":4},{"metric":"IMAGES","limit":100,"usage":0},{"metric":"STATIC_ADDRESSES","limit":8,"usage":0},{"metric":"ROUTES","limit":200,"usage":0},{"metric":"FORWARDING_RULES","limit":15,"usage":0},{"metric":"TARGET_POOLS","limit":50,"usage":0},{"metric":"HEALTH_CHECKS","limit":75,"usage":0},{"metric":"IN_USE_ADDRESSES","limit":4,"usage":0},{"metric":"TARGET_INSTANCES","limit":50,"usage":0},{"metric":"TARGET_HTTP_PROXIES","limit":10,"usage":0},{"metric":"URL_MAPS","limit":10,"usage":0},{"metric":"BACKEND_SERVICES","limit":50,"usage":0},{"metric":"INSTANCE_TEMPLATES","limit":100,"usage":0},{"metric":"TARGET_VPN_GATEWAYS","limit":5,"usage":0},{"metric":"VPN_TUNNELS","limit":10,"usage":0},{"metric":"BACKEND_BUCKETS","limit":3,"usage":0},{"metric":"ROUTERS","limit":10,"usage":0},{"metric":"TARGET_SSL_PROXIES","limit":10,"usage":0},{"metric":"TARGET_HTTPS_PROXIES","limit":10,"usage":0},{"metric":"SSL_CERTIFICATES","limit":10,"usage":0},{"metric":"SUBNETWORKS","limit":100,"usage":0},{"metric":"TARGET_TCP_PROXIES","limit":10,"usage":0},{"metric":"CPUS_ALL_REGIONS","limit":12,"usage":0},{"metric":"SECURITY_POLICIES","limit":0,"usage":0},{"metric":"SECURITY_POLICY_RULES","limit":0,"usage":0},{"metric":"XPN_SERVICE_PROJECTS","limit":1000,"usage":0},{"metric":"PACKET_MIRRORINGS","limit":20,"usage":0},{"metric":"NETWORK_ENDPOINT_GROUPS","limit":100,"usage":0},{"metric":"INTERCONNECTS","limit":6,"usage":0},{"metric":"SSL_POLICIES","limit":10,"usage":0},{"metric":"GLOBAL_INTERNAL_ADDRESSES","limit":5000,"usage":0},{"metric":"VPN_GATEWAYS","limit":5,"usage":0},{"metric":"MACHINE_IMAGES","limit":100,"usage":0},{"metric":"SECURITY_POLICY_CEVAL_RULES","limit":0,"usage":0},{"metric":"GPUS_ALL_REGIONS","limit":0,"usage":0},{"metric":"EXTERNAL_VPN_GATEWAYS","limit":5,"usage":0},{"metric":"PUBLIC_ADVERTISED_PREFIXES","limit":1,"usage":0},{"metric":"PUBLIC_DELEGATED_PREFIXES","limit":10,"usage":0},{"metric":"STATIC_BYOIP_ADDRESSES","limit":128,"usage":0},{"metric":"NETWORK_FIREWALL_POLICIES","limit":10,"usage":0},{"metric":"INTERNAL_TRAFFIC_DIRECTOR_FORWARDING_RULES","limit":15,"usage":0},{"metric":"GLOBAL_EXTERNAL_MANAGED_FORWARDING_RULES","limit":15,"usage":0},{"metric":"GLOBAL_INTERNAL_MANAGED_BACKEND_SERVICES","limit":50,"usage":0},{"metric":"GLOBAL_EXTERNAL_MANAGED_BACKEND_SERVICES","limit":50,"usage":0},{"metric":"GLOBAL_EXTERNAL_PROXY_LB_BACKEND_SERVICES","limit":50,"usage":0},{"metric":"GLOBAL_INTERNAL_TRAFFIC_DIRECTOR_BACKEND_SERVICES","limit":100,"usage":0}],"selfLink":"https://www.googleapis.com/compute/v1/projects/aivo-4jxhn9zkzwiw-4402","defaultServiceAccount":"781811004685-compute@developer.gserviceaccount.com","xpnProjectStatus":"UNSPECIFIED_XPN_PROJECT_STATUS","defaultNetworkTier":"PREMIUM","vmDnsSetting":"ZONAL_ONLY","cloudArmorTier":"CA_STANDARD"}
[debug] [2026-02-18T04:20:19.594Z] No OAuth tokens found
[debug] [2026-02-18T04:20:19.594Z] >>> [apiv2][query] GET https://cloudbilling.googleapis.com/v1/projects/aivo-4jxhn9zkzwiw-4402/billingInfo [none]
[debug] [2026-02-18T04:20:20.709Z] <<< [apiv2][status] GET https://cloudbilling.googleapis.com/v1/projects/aivo-4jxhn9zkzwiw-4402/billingInfo 200
[debug] [2026-02-18T04:20:20.710Z] <<< [apiv2][body] GET https://cloudbilling.googleapis.com/v1/projects/aivo-4jxhn9zkzwiw-4402/billingInfo {"name":"projects/aivo-4jxhn9zkzwiw-4402/billingInfo","projectId":"aivo-4jxhn9zkzwiw-4402","billingAccountName":"billingAccounts/01DF6E-0B7675-CA3239","billingEnabled":true}
[debug] [2026-02-18T04:20:20.711Z] [functions] found 1 new HTTP functions, testing setIamPolicy permission...
[debug] [2026-02-18T04:20:20.712Z] No OAuth tokens found
[debug] [2026-02-18T04:20:20.713Z] >>> [apiv2][query] POST https://cloudresourcemanager.googleapis.com/v1/projects/aivo-4jxhn9zkzwiw-4402:testIamPermissions [none]
[debug] [2026-02-18T04:20:20.713Z] >>> [apiv2][(partial)header] POST https://cloudresourcemanager.googleapis.com/v1/projects/aivo-4jxhn9zkzwiw-4402:testIamPermissions x-goog-quota-user=projects/aivo-4jxhn9zkzwiw-4402
[debug] [2026-02-18T04:20:20.713Z] >>> [apiv2][body] POST https://cloudresourcemanager.googleapis.com/v1/projects/aivo-4jxhn9zkzwiw-4402:testIamPermissions {"permissions":["cloudfunctions.functions.setIamPolicy"]}
[debug] [2026-02-18T04:20:20.901Z] <<< [apiv2][status] POST https://cloudresourcemanager.googleapis.com/v1/projects/aivo-4jxhn9zkzwiw-4402:testIamPermissions 200
[debug] [2026-02-18T04:20:20.901Z] <<< [apiv2][body] POST https://cloudresourcemanager.googleapis.com/v1/projects/aivo-4jxhn9zkzwiw-4402:testIamPermissions {"permissions":["cloudfunctions.functions.setIamPolicy"]}
[debug] [2026-02-18T04:20:20.901Z] [functions] found setIamPolicy permission, proceeding with deploy
[debug] [2026-02-18T04:20:20.903Z] No OAuth tokens found
[debug] [2026-02-18T04:20:20.903Z] >>> [apiv2][query] POST https://cloudfunctions.googleapis.com/v2/projects/aivo-4jxhn9zkzwiw-4402/locations/us-central1/functions:generateUploadUrl [none]
[debug] [2026-02-18T04:20:23.222Z] <<< [apiv2][status] POST https://cloudfunctions.googleapis.com/v2/projects/aivo-4jxhn9zkzwiw-4402/locations/us-central1/functions:generateUploadUrl 200
[debug] [2026-02-18T04:20:23.222Z] <<< [apiv2][body] POST https://cloudfunctions.googleapis.com/v2/projects/aivo-4jxhn9zkzwiw-4402/locations/us-central1/functions:generateUploadUrl {"uploadUrl":"https://storage.googleapis.com/gcf-v2-uploads-781811004685.us-central1.cloudfunctions.appspot.com/c7af836c-670e-4d4c-8bc0-93f8c56de92f.zip?GoogleAccessId=service-781811004685@gcf-admin-robot.iam.gserviceaccount.com&Expires=1771390223&Signature=UFykbj5RItgrZoCOF7rhNSq5bbWL6ZaUg2%2Bc0Mdu47ItiThnNRLAZRRIw8tA7jWeLX%2BfwaoaRNMqKvzJxXF8uCbczC%2BPftVBxk3ZJoQOOllu5E%2FPPgjrtxhxMx9tY%2BuUzjKKVjNyLMQUXXlivGXJ%2FQee3LBqz%2Buun7Xg3pvFg8RR3%2BznczDMmSJESXt260EZsyYqb%2FfbTfx2JmXYDw%2BcPKMGYwb8cSun75odwtI9ATrNc37%2FofduaQaSBJEd9RPQVHgKuzUudfsWBG3uvLUQdRYbF1epqfbknm6hxIygwS15AOV%2BJILg3XLIC6aeqz2Kg73%2Fj3ty%2BEhCXPV0yf0BxQ%3D%3D","storageSource":{"bucket":"gcf-v2-uploads-781811004685.us-central1.cloudfunctions.appspot.com","object":"c7af836c-670e-4d4c-8bc0-93f8c56de92f.zip"}}
[debug] [2026-02-18T04:20:23.222Z] >>> [apiv2][query] PUT https://storage.googleapis.com/gcf-v2-uploads-781811004685.us-central1.cloudfunctions.appspot.com/c7af836c-670e-4d4c-8bc0-93f8c56de92f.zip GoogleAccessId=service-781811004685%40gcf-admin-robot.iam.gserviceaccount.com&Expires=1771390223&Signature=UFykbj5RItgrZoCOF7rhNSq5bbWL6ZaUg2%2Bc0Mdu47ItiThnNRLAZRRIw8tA7jWeLX%2BfwaoaRNMqKvzJxXF8uCbczC%2BPftVBxk3ZJoQOOllu5E%2FPPgjrtxhxMx9tY%2BuUzjKKVjNyLMQUXXlivGXJ%2FQee3LBqz%2Buun7Xg3pvFg8RR3%2BznczDMmSJESXt260EZsyYqb%2FfbTfx2JmXYDw%2BcPKMGYwb8cSun75odwtI9ATrNc37%2FofduaQaSBJEd9RPQVHgKuzUudfsWBG3uvLUQdRYbF1epqfbknm6hxIygwS15AOV%2BJILg3XLIC6aeqz2Kg73%2Fj3ty%2BEhCXPV0yf0BxQ%3D%3D
[debug] [2026-02-18T04:20:23.223Z] >>> [apiv2][body] PUT https://storage.googleapis.com/gcf-v2-uploads-781811004685.us-central1.cloudfunctions.appspot.com/c7af836c-670e-4d4c-8bc0-93f8c56de92f.zip [stream]
[debug] [2026-02-18T04:20:24.093Z] <<< [apiv2][status] PUT https://storage.googleapis.com/gcf-v2-uploads-781811004685.us-central1.cloudfunctions.appspot.com/c7af836c-670e-4d4c-8bc0-93f8c56de92f.zip 200
[debug] [2026-02-18T04:20:24.094Z] <<< [apiv2][body] PUT https://storage.googleapis.com/gcf-v2-uploads-781811004685.us-central1.cloudfunctions.appspot.com/c7af836c-670e-4d4c-8bc0-93f8c56de92f.zip [omitted]
[info] ✔  functions: . source uploaded successfully 
[info] i  functions: creating Node.js 20 (2nd Gen) function api(us-central1)... 
[debug] [2026-02-18T04:20:24.100Z] No OAuth tokens found
[debug] [2026-02-18T04:20:24.100Z] >>> [apiv2][query] POST https://cloudfunctions.googleapis.com/v2/projects/aivo-4jxhn9zkzwiw-4402/locations/us-central1/functions functionId=api
[debug] [2026-02-18T04:20:24.100Z] >>> [apiv2][body] POST https://cloudfunctions.googleapis.com/v2/projects/aivo-4jxhn9zkzwiw-4402/locations/us-central1/functions {"name":"projects/aivo-4jxhn9zkzwiw-4402/locations/us-central1/functions/api","buildConfig":{"runtime":"nodejs20","entryPoint":"api","source":{"storageSource":{"bucket":"gcf-v2-uploads-781811004685.us-central1.cloudfunctions.appspot.com","object":"c7af836c-670e-4d4c-8bc0-93f8c56de92f.zip"}},"environmentVariables":{"GOOGLE_NODE_RUN_SCRIPTS":""}},"serviceConfig":{"environmentVariables":{"FIREBASE_CONFIG":"{\"projectId\":\"aivo-4jxhn9zkzwiw-4402\",\"storageBucket\":\"aivo-4jxhn9zkzwiw-4402.firebasestorage.app\"}","GCLOUD_PROJECT":"aivo-4jxhn9zkzwiw-4402","EVENTARC_CLOUD_EVENT_SOURCE":"projects/aivo-4jxhn9zkzwiw-4402/locations/us-central1/services/api","FUNCTION_TARGET":"api","LOG_EXECUTION_ID":"true"},"ingressSettings":null,"timeoutSeconds":null,"serviceAccountEmail":null,"availableMemory":"256Mi","minInstanceCount":null,"maxInstanceCount":null,"maxInstanceRequestConcurrency":80,"availableCpu":"1","vpcConnector":null,"vpcConnectorEgressSettings":null},"labels":{"deployment-tool":"cli-firebase","firebase-functions-hash":"9fedea269b88c3a2435db7b8ff233a19b6bfdf52"}}
[debug] [2026-02-18T04:20:26.805Z] <<< [apiv2][status] POST https://cloudfunctions.googleapis.com/v2/projects/aivo-4jxhn9zkzwiw-4402/locations/us-central1/functions 200
[debug] [2026-02-18T04:20:26.806Z] <<< [apiv2][body] POST https://cloudfunctions.googleapis.com/v2/projects/aivo-4jxhn9zkzwiw-4402/locations/us-central1/functions {"name":"projects/aivo-4jxhn9zkzwiw-4402/locations/us-central1/operations/operation-1771388424978-64b1181d47f7e-280d84ea-9468276a","metadata":{"@type":"type.googleapis.com/google.cloud.functions.v2.OperationMetadata","createTime":"2026-02-18T04:20:26.662721041Z","target":"projects/aivo-4jxhn9zkzwiw-4402/locations/us-central1/functions/api","verb":"create","cancelRequested":false,"apiVersion":"v2"},"done":false}
[debug] [2026-02-18T04:20:26.808Z] No OAuth tokens found
[debug] [2026-02-18T04:20:26.809Z] >>> [apiv2][query] GET https://cloudfunctions.googleapis.com/v2/projects/aivo-4jxhn9zkzwiw-4402/locations/us-central1/operations/operation-1771388424978-64b1181d47f7e-280d84ea-9468276a [none]
[debug] [2026-02-18T04:20:27.827Z] <<< [apiv2][status] GET https://cloudfunctions.googleapis.com/v2/projects/aivo-4jxhn9zkzwiw-4402/locations/us-central1/operations/operation-1771388424978-64b1181d47f7e-280d84ea-9468276a 200
[debug] [2026-02-18T04:20:27.828Z] <<< [apiv2][body] GET https://cloudfunctions.googleapis.com/v2/projects/aivo-4jxhn9zkzwiw-4402/locations/us-central1/operations/operation-1771388424978-64b1181d47f7e-280d84ea-9468276a {"name":"projects/aivo-4jxhn9zkzwiw-4402/locations/us-central1/operations/operation-1771388424978-64b1181d47f7e-280d84ea-9468276a","metadata":{"@type":"type.googleapis.com/google.cloud.functions.v2.OperationMetadata","createTime":"2026-02-18T04:20:26.662721041Z","target":"projects/aivo-4jxhn9zkzwiw-4402/locations/us-central1/functions/api","verb":"create","cancelRequested":false,"apiVersion":"v2","requestResource":{"@type":"type.googleapis.com/google.cloud.functions.v2.Function","name":"projects/aivo-4jxhn9zkzwiw-4402/locations/us-central1/functions/api","buildConfig":{"runtime":"nodejs20","entryPoint":"api","source":{"storageSource":{"bucket":"gcf-v2-sources-781811004685-us-central1","object":"api/function-source.zip","generation":"1771388425823406"}},"environmentVariables":{"GOOGLE_NODE_RUN_SCRIPTS":""},"serviceAccount":"projects/aivo-4jxhn9zkzwiw-4402/serviceAccounts/781811004685-compute@developer.gserviceaccount.com","automaticUpdatePolicy":{}},"serviceConfig":{"service":"projects/aivo-4jxhn9zkzwiw-4402/locations/us-central1/services/api","timeoutSeconds":60,"environmentVariables":{"FIREBASE_CONFIG":"{\"projectId\":\"aivo-4jxhn9zkzwiw-4402\",\"storageBucket\":\"aivo-4jxhn9zkzwiw-4402.firebasestorage.app\"}","GCLOUD_PROJECT":"aivo-4jxhn9zkzwiw-4402","EVENTARC_CLOUD_EVENT_SOURCE":"projects/aivo-4jxhn9zkzwiw-4402/locations/us-central1/services/api","FUNCTION_TARGET":"api","LOG_EXECUTION_ID":"true"},"ingressSettings":"ALLOW_ALL","serviceAccountEmail":"781811004685-compute@developer.gserviceaccount.com","availableMemory":"256Mi","maxInstanceRequestConcurrency":80,"availableCpu":"1"},"labels":{"deployment-tool":"cli-firebase","firebase-functions-hash":"9fedea269b88c3a2435db7b8ff233a19b6bfdf52"},"environment":"GEN_2"},"stages":[{"name":"BUILD","state":"NOT_STARTED","stateMessages":[{"severity":"WARNING","type":"BuildAnalysisWarning","message":"Node.js 20 is no longer supported by the Node.js community as of 30 April, 2026. Node.js 20 will be deprecated on 2026-04-30. We recommend you to upgrade to the latest version of Node.js as soon as possible."}]},{"name":"SERVICE","state":"NOT_STARTED"}],"operationType":"CREATE_FUNCTION"},"done":false}
[debug] [2026-02-18T04:20:28.329Z] [create-default-us-central1-api] Retrying task index 0
[debug] [2026-02-18T04:20:28.331Z] No OAuth tokens found
[debug] [2026-02-18T04:20:28.332Z] >>> [apiv2][query] GET https://cloudfunctions.googleapis.com/v2/projects/aivo-4jxhn9zkzwiw-4402/locations/us-central1/operations/operation-1771388424978-64b1181d47f7e-280d84ea-9468276a [none]
[debug] [2026-02-18T04:20:29.335Z] <<< [apiv2][status] GET https://cloudfunctions.googleapis.com/v2/projects/aivo-4jxhn9zkzwiw-4402/locations/us-central1/operations/operation-1771388424978-64b1181d47f7e-280d84ea-9468276a 200
[debug] [2026-02-18T04:20:29.336Z] <<< [apiv2][body] GET https://cloudfunctions.googleapis.com/v2/projects/aivo-4jxhn9zkzwiw-4402/locations/us-central1/operations/operation-1771388424978-64b1181d47f7e-280d84ea-9468276a {"name":"projects/aivo-4jxhn9zkzwiw-4402/locations/us-central1/operations/operation-1771388424978-64b1181d47f7e-280d84ea-9468276a","metadata":{"@type":"type.googleapis.com/google.cloud.functions.v2.OperationMetadata","createTime":"2026-02-18T04:20:26.662721041Z","target":"projects/aivo-4jxhn9zkzwiw-4402/locations/us-central1/functions/api","verb":"create","cancelRequested":false,"apiVersion":"v2","requestResource":{"@type":"type.googleapis.com/google.cloud.functions.v2.Function","name":"projects/aivo-4jxhn9zkzwiw-4402/locations/us-central1/functions/api","buildConfig":{"runtime":"nodejs20","entryPoint":"api","source":{"storageSource":{"bucket":"gcf-v2-sources-781811004685-us-central1","object":"api/function-source.zip","generation":"1771388425823406"}},"environmentVariables":{"GOOGLE_NODE_RUN_SCRIPTS":""},"serviceAccount":"projects/aivo-4jxhn9zkzwiw-4402/serviceAccounts/781811004685-compute@developer.gserviceaccount.com","automaticUpdatePolicy":{}},"serviceConfig":{"service":"projects/aivo-4jxhn9zkzwiw-4402/locations/us-central1/services/api","timeoutSeconds":60,"environmentVariables":{"FIREBASE_CONFIG":"{\"projectId\":\"aivo-4jxhn9zkzwiw-4402\",\"storageBucket\":\"aivo-4jxhn9zkzwiw-4402.firebasestorage.app\"}","GCLOUD_PROJECT":"aivo-4jxhn9zkzwiw-4402","EVENTARC_CLOUD_EVENT_SOURCE":"projects/aivo-4jxhn9zkzwiw-4402/locations/us-central1/services/api","FUNCTION_TARGET":"api","LOG_EXECUTION_ID":"true"},"ingressSettings":"ALLOW_ALL","serviceAccountEmail":"781811004685-compute@developer.gserviceaccount.com","availableMemory":"256Mi","maxInstanceRequestConcurrency":80,"availableCpu":"1"},"labels":{"deployment-tool":"cli-firebase","firebase-functions-hash":"9fedea269b88c3a2435db7b8ff233a19b6bfdf52"},"environment":"GEN_2"},"stages":[{"name":"BUILD","state":"NOT_STARTED","stateMessages":[{"severity":"WARNING","type":"BuildAnalysisWarning","message":"Node.js 20 is no longer supported by the Node.js community as of 30 April, 2026. Node.js 20 will be deprecated on 2026-04-30. We recommend you to upgrade to the latest version of Node.js as soon as possible."}]},{"name":"SERVICE","state":"NOT_STARTED"}],"operationType":"CREATE_FUNCTION"},"done":false}
[debug] [2026-02-18T04:20:30.336Z] [create-default-us-central1-api] Retrying task index 0
[debug] [2026-02-18T04:20:30.338Z] No OAuth tokens found
[debug] [2026-02-18T04:20:30.338Z] >>> [apiv2][query] GET https://cloudfunctions.googleapis.com/v2/projects/aivo-4jxhn9zkzwiw-4402/locations/us-central1/operations/operation-1771388424978-64b1181d47f7e-280d84ea-9468276a [none]
[debug] [2026-02-18T04:20:31.280Z] <<< [apiv2][status] GET https://cloudfunctions.googleapis.com/v2/projects/aivo-4jxhn9zkzwiw-4402/locations/us-central1/operations/operation-1771388424978-64b1181d47f7e-280d84ea-9468276a 200
[debug] [2026-02-18T04:20:31.280Z] <<< [apiv2][body] GET https://cloudfunctions.googleapis.com/v2/projects/aivo-4jxhn9zkzwiw-4402/locations/us-central1/operations/operation-1771388424978-64b1181d47f7e-280d84ea-9468276a {"name":"projects/aivo-4jxhn9zkzwiw-4402/locations/us-central1/operations/operation-1771388424978-64b1181d47f7e-280d84ea-9468276a","metadata":{"@type":"type.googleapis.com/google.cloud.functions.v2.OperationMetadata","createTime":"2026-02-18T04:20:26.662721041Z","target":"projects/aivo-4jxhn9zkzwiw-4402/locations/us-central1/functions/api","verb":"create","cancelRequested":false,"apiVersion":"v2","requestResource":{"@type":"type.googleapis.com/google.cloud.functions.v2.Function","name":"projects/aivo-4jxhn9zkzwiw-4402/locations/us-central1/functions/api","buildConfig":{"runtime":"nodejs20","entryPoint":"api","source":{"storageSource":{"bucket":"gcf-v2-sources-781811004685-us-central1","object":"api/function-source.zip","generation":"1771388425823406"}},"environmentVariables":{"GOOGLE_NODE_RUN_SCRIPTS":""},"serviceAccount":"projects/aivo-4jxhn9zkzwiw-4402/serviceAccounts/781811004685-compute@developer.gserviceaccount.com","automaticUpdatePolicy":{}},"serviceConfig":{"service":"projects/aivo-4jxhn9zkzwiw-4402/locations/us-central1/services/api","timeoutSeconds":60,"environmentVariables":{"FIREBASE_CONFIG":"{\"projectId\":\"aivo-4jxhn9zkzwiw-4402\",\"storageBucket\":\"aivo-4jxhn9zkzwiw-4402.firebasestorage.app\"}","GCLOUD_PROJECT":"aivo-4jxhn9zkzwiw-4402","EVENTARC_CLOUD_EVENT_SOURCE":"projects/aivo-4jxhn9zkzwiw-4402/locations/us-central1/services/api","FUNCTION_TARGET":"api","LOG_EXECUTION_ID":"true"},"ingressSettings":"ALLOW_ALL","serviceAccountEmail":"781811004685-compute@developer.gserviceaccount.com","availableMemory":"256Mi","maxInstanceRequestConcurrency":80,"availableCpu":"1"},"labels":{"deployment-tool":"cli-firebase","firebase-functions-hash":"9fedea269b88c3a2435db7b8ff233a19b6bfdf52"},"environment":"GEN_2"},"stages":[{"name":"BUILD","state":"NOT_STARTED","stateMessages":[{"severity":"WARNING","type":"BuildAnalysisWarning","message":"Node.js 20 is no longer supported by the Node.js community as of 30 April, 2026. Node.js 20 will be deprecated on 2026-04-30. We recommend you to upgrade to the latest version of Node.js as soon as possible."}]},{"name":"SERVICE","state":"NOT_STARTED"}],"operationType":"CREATE_FUNCTION"},"done":false}
[debug] [2026-02-18T04:20:33.282Z] [create-default-us-central1-api] Retrying task index 0
[debug] [2026-02-18T04:20:33.283Z] No OAuth tokens found
[debug] [2026-02-18T04:20:33.284Z] >>> [apiv2][query] GET https://cloudfunctions.googleapis.com/v2/projects/aivo-4jxhn9zkzwiw-4402/locations/us-central1/operations/operation-1771388424978-64b1181d47f7e-280d84ea-9468276a [none]
[debug] [2026-02-18T04:20:33.506Z] <<< [apiv2][status] GET https://cloudfunctions.googleapis.com/v2/projects/aivo-4jxhn9zkzwiw-4402/locations/us-central1/operations/operation-1771388424978-64b1181d47f7e-280d84ea-9468276a 200
[debug] [2026-02-18T04:20:33.507Z] <<< [apiv2][body] GET https://cloudfunctions.googleapis.com/v2/projects/aivo-4jxhn9zkzwiw-4402/locations/us-central1/operations/operation-1771388424978-64b1181d47f7e-280d84ea-9468276a {"name":"projects/aivo-4jxhn9zkzwiw-4402/locations/us-central1/operations/operation-1771388424978-64b1181d47f7e-280d84ea-9468276a","metadata":{"@type":"type.googleapis.com/google.cloud.functions.v2.OperationMetadata","createTime":"2026-02-18T04:20:26.662721041Z","target":"projects/aivo-4jxhn9zkzwiw-4402/locations/us-central1/functions/api","verb":"create","cancelRequested":false,"apiVersion":"v2","requestResource":{"@type":"type.googleapis.com/google.cloud.functions.v2.Function","name":"projects/aivo-4jxhn9zkzwiw-4402/locations/us-central1/functions/api","buildConfig":{"runtime":"nodejs20","entryPoint":"api","source":{"storageSource":{"bucket":"gcf-v2-sources-781811004685-us-central1","object":"api/function-source.zip","generation":"1771388425823406"}},"environmentVariables":{"GOOGLE_NODE_RUN_SCRIPTS":""},"serviceAccount":"projects/aivo-4jxhn9zkzwiw-4402/serviceAccounts/781811004685-compute@developer.gserviceaccount.com","automaticUpdatePolicy":{}},"serviceConfig":{"service":"projects/aivo-4jxhn9zkzwiw-4402/locations/us-central1/services/api","timeoutSeconds":60,"environmentVariables":{"FIREBASE_CONFIG":"{\"projectId\":\"aivo-4jxhn9zkzwiw-4402\",\"storageBucket\":\"aivo-4jxhn9zkzwiw-4402.firebasestorage.app\"}","GCLOUD_PROJECT":"aivo-4jxhn9zkzwiw-4402","EVENTARC_CLOUD_EVENT_SOURCE":"projects/aivo-4jxhn9zkzwiw-4402/locations/us-central1/services/api","FUNCTION_TARGET":"api","LOG_EXECUTION_ID":"true"},"ingressSettings":"ALLOW_ALL","serviceAccountEmail":"781811004685-compute@developer.gserviceaccount.com","availableMemory":"256Mi","maxInstanceRequestConcurrency":80,"availableCpu":"1"},"labels":{"deployment-tool":"cli-firebase","firebase-functions-hash":"9fedea269b88c3a2435db7b8ff233a19b6bfdf52"},"environment":"GEN_2"},"stages":[{"name":"BUILD","state":"NOT_STARTED","stateMessages":[{"severity":"WARNING","type":"BuildAnalysisWarning","message":"Node.js 20 is no longer supported by the Node.js community as of 30 April, 2026. Node.js 20 will be deprecated on 2026-04-30. We recommend you to upgrade to the latest version of Node.js as soon as possible."}]},{"name":"SERVICE","state":"NOT_STARTED"}],"operationType":"CREATE_FUNCTION"},"done":false}
[debug] [2026-02-18T04:20:37.508Z] [create-default-us-central1-api] Retrying task index 0
[debug] [2026-02-18T04:20:37.509Z] No OAuth tokens found
[debug] [2026-02-18T04:20:37.510Z] >>> [apiv2][query] GET https://cloudfunctions.googleapis.com/v2/projects/aivo-4jxhn9zkzwiw-4402/locations/us-central1/operations/operation-1771388424978-64b1181d47f7e-280d84ea-9468276a [none]
[debug] [2026-02-18T04:20:38.429Z] <<< [apiv2][status] GET https://cloudfunctions.googleapis.com/v2/projects/aivo-4jxhn9zkzwiw-4402/locations/us-central1/operations/operation-1771388424978-64b1181d47f7e-280d84ea-9468276a 200
[debug] [2026-02-18T04:20:38.429Z] <<< [apiv2][body] GET https://cloudfunctions.googleapis.com/v2/projects/aivo-4jxhn9zkzwiw-4402/locations/us-central1/operations/operation-1771388424978-64b1181d47f7e-280d84ea-9468276a {"name":"projects/aivo-4jxhn9zkzwiw-4402/locations/us-central1/operations/operation-1771388424978-64b1181d47f7e-280d84ea-9468276a","metadata":{"@type":"type.googleapis.com/google.cloud.functions.v2.OperationMetadata","createTime":"2026-02-18T04:20:26.662721041Z","target":"projects/aivo-4jxhn9zkzwiw-4402/locations/us-central1/functions/api","verb":"create","cancelRequested":false,"apiVersion":"v2","requestResource":{"@type":"type.googleapis.com/google.cloud.functions.v2.Function","name":"projects/aivo-4jxhn9zkzwiw-4402/locations/us-central1/functions/api","buildConfig":{"runtime":"nodejs20","entryPoint":"api","source":{"storageSource":{"bucket":"gcf-v2-sources-781811004685-us-central1","object":"api/function-source.zip","generation":"1771388425823406"}},"environmentVariables":{"GOOGLE_NODE_RUN_SCRIPTS":""},"serviceAccount":"projects/aivo-4jxhn9zkzwiw-4402/serviceAccounts/781811004685-compute@developer.gserviceaccount.com","automaticUpdatePolicy":{}},"serviceConfig":{"service":"projects/aivo-4jxhn9zkzwiw-4402/locations/us-central1/services/api","timeoutSeconds":60,"environmentVariables":{"FIREBASE_CONFIG":"{\"projectId\":\"aivo-4jxhn9zkzwiw-4402\",\"storageBucket\":\"aivo-4jxhn9zkzwiw-4402.firebasestorage.app\"}","GCLOUD_PROJECT":"aivo-4jxhn9zkzwiw-4402","EVENTARC_CLOUD_EVENT_SOURCE":"projects/aivo-4jxhn9zkzwiw-4402/locations/us-central1/services/api","FUNCTION_TARGET":"api","LOG_EXECUTION_ID":"true"},"ingressSettings":"ALLOW_ALL","serviceAccountEmail":"781811004685-compute@developer.gserviceaccount.com","availableMemory":"256Mi","maxInstanceRequestConcurrency":80,"availableCpu":"1"},"labels":{"deployment-tool":"cli-firebase","firebase-functions-hash":"9fedea269b88c3a2435db7b8ff233a19b6bfdf52"},"environment":"GEN_2"},"stages":[{"name":"BUILD","message":"Build in progress","state":"IN_PROGRESS","resource":"projects/781811004685/locations/us-central1/builds/697823e7-7f09-45c8-a5f9-e66d739b0039","resourceUri":"https://console.cloud.google.com/cloud-build/builds;region=us-central1/697823e7-7f09-45c8-a5f9-e66d739b0039?project=781811004685"},{"name":"SERVICE","state":"NOT_STARTED"}],"operationType":"CREATE_FUNCTION","buildName":"projects/781811004685/locations/us-central1/builds/697823e7-7f09-45c8-a5f9-e66d739b0039"},"done":false}
[debug] [2026-02-18T04:20:46.430Z] [create-default-us-central1-api] Retrying task index 0
[debug] [2026-02-18T04:20:46.432Z] No OAuth tokens found
[debug] [2026-02-18T04:20:46.432Z] >>> [apiv2][query] GET https://cloudfunctions.googleapis.com/v2/projects/aivo-4jxhn9zkzwiw-4402/locations/us-central1/operations/operation-1771388424978-64b1181d47f7e-280d84ea-9468276a [none]
[debug] [2026-02-18T04:20:47.488Z] <<< [apiv2][status] GET https://cloudfunctions.googleapis.com/v2/projects/aivo-4jxhn9zkzwiw-4402/locations/us-central1/operations/operation-1771388424978-64b1181d47f7e-280d84ea-9468276a 200
[debug] [2026-02-18T04:20:47.489Z] <<< [apiv2][body] GET https://cloudfunctions.googleapis.com/v2/projects/aivo-4jxhn9zkzwiw-4402/locations/us-central1/operations/operation-1771388424978-64b1181d47f7e-280d84ea-9468276a {"name":"projects/aivo-4jxhn9zkzwiw-4402/locations/us-central1/operations/operation-1771388424978-64b1181d47f7e-280d84ea-9468276a","metadata":{"@type":"type.googleapis.com/google.cloud.functions.v2.OperationMetadata","createTime":"2026-02-18T04:20:26.662721041Z","target":"projects/aivo-4jxhn9zkzwiw-4402/locations/us-central1/functions/api","verb":"create","cancelRequested":false,"apiVersion":"v2","requestResource":{"@type":"type.googleapis.com/google.cloud.functions.v2.Function","name":"projects/aivo-4jxhn9zkzwiw-4402/locations/us-central1/functions/api","buildConfig":{"runtime":"nodejs20","entryPoint":"api","source":{"storageSource":{"bucket":"gcf-v2-sources-781811004685-us-central1","object":"api/function-source.zip","generation":"1771388425823406"}},"environmentVariables":{"GOOGLE_NODE_RUN_SCRIPTS":""},"serviceAccount":"projects/aivo-4jxhn9zkzwiw-4402/serviceAccounts/781811004685-compute@developer.gserviceaccount.com","automaticUpdatePolicy":{}},"serviceConfig":{"service":"projects/aivo-4jxhn9zkzwiw-4402/locations/us-central1/services/api","timeoutSeconds":60,"environmentVariables":{"FIREBASE_CONFIG":"{\"projectId\":\"aivo-4jxhn9zkzwiw-4402\",\"storageBucket\":\"aivo-4jxhn9zkzwiw-4402.firebasestorage.app\"}","GCLOUD_PROJECT":"aivo-4jxhn9zkzwiw-4402","EVENTARC_CLOUD_EVENT_SOURCE":"projects/aivo-4jxhn9zkzwiw-4402/locations/us-central1/services/api","FUNCTION_TARGET":"api","LOG_EXECUTION_ID":"true"},"ingressSettings":"ALLOW_ALL","serviceAccountEmail":"781811004685-compute@developer.gserviceaccount.com","availableMemory":"256Mi","maxInstanceRequestConcurrency":80,"availableCpu":"1"},"labels":{"deployment-tool":"cli-firebase","firebase-functions-hash":"9fedea269b88c3a2435db7b8ff233a19b6bfdf52"},"environment":"GEN_2"},"stages":[{"name":"BUILD","message":"Build in progress","state":"IN_PROGRESS","resource":"projects/781811004685/locations/us-central1/builds/697823e7-7f09-45c8-a5f9-e66d739b0039","resourceUri":"https://console.cloud.google.com/cloud-build/builds;region=us-central1/697823e7-7f09-45c8-a5f9-e66d739b0039?project=781811004685"},{"name":"SERVICE","state":"NOT_STARTED"}],"operationType":"CREATE_FUNCTION","buildName":"projects/781811004685/locations/us-central1/builds/697823e7-7f09-45c8-a5f9-e66d739b0039"},"done":false}
[debug] [2026-02-18T04:20:57.489Z] [create-default-us-central1-api] Retrying task index 0
[debug] [2026-02-18T04:20:57.491Z] No OAuth tokens found
[debug] [2026-02-18T04:20:57.491Z] >>> [apiv2][query] GET https://cloudfunctions.googleapis.com/v2/projects/aivo-4jxhn9zkzwiw-4402/locations/us-central1/operations/operation-1771388424978-64b1181d47f7e-280d84ea-9468276a [none]
[debug] [2026-02-18T04:20:58.547Z] <<< [apiv2][status] GET https://cloudfunctions.googleapis.com/v2/projects/aivo-4jxhn9zkzwiw-4402/locations/us-central1/operations/operation-1771388424978-64b1181d47f7e-280d84ea-9468276a 200
[debug] [2026-02-18T04:20:58.548Z] <<< [apiv2][body] GET https://cloudfunctions.googleapis.com/v2/projects/aivo-4jxhn9zkzwiw-4402/locations/us-central1/operations/operation-1771388424978-64b1181d47f7e-280d84ea-9468276a {"name":"projects/aivo-4jxhn9zkzwiw-4402/locations/us-central1/operations/operation-1771388424978-64b1181d47f7e-280d84ea-9468276a","metadata":{"@type":"type.googleapis.com/google.cloud.functions.v2.OperationMetadata","createTime":"2026-02-18T04:20:26.662721041Z","target":"projects/aivo-4jxhn9zkzwiw-4402/locations/us-central1/functions/api","verb":"create","cancelRequested":false,"apiVersion":"v2","requestResource":{"@type":"type.googleapis.com/google.cloud.functions.v2.Function","name":"projects/aivo-4jxhn9zkzwiw-4402/locations/us-central1/functions/api","buildConfig":{"runtime":"nodejs20","entryPoint":"api","source":{"storageSource":{"bucket":"gcf-v2-sources-781811004685-us-central1","object":"api/function-source.zip","generation":"1771388425823406"}},"environmentVariables":{"GOOGLE_NODE_RUN_SCRIPTS":""},"serviceAccount":"projects/aivo-4jxhn9zkzwiw-4402/serviceAccounts/781811004685-compute@developer.gserviceaccount.com","automaticUpdatePolicy":{}},"serviceConfig":{"service":"projects/aivo-4jxhn9zkzwiw-4402/locations/us-central1/services/api","timeoutSeconds":60,"environmentVariables":{"FIREBASE_CONFIG":"{\"projectId\":\"aivo-4jxhn9zkzwiw-4402\",\"storageBucket\":\"aivo-4jxhn9zkzwiw-4402.firebasestorage.app\"}","GCLOUD_PROJECT":"aivo-4jxhn9zkzwiw-4402","EVENTARC_CLOUD_EVENT_SOURCE":"projects/aivo-4jxhn9zkzwiw-4402/locations/us-central1/services/api","FUNCTION_TARGET":"api","LOG_EXECUTION_ID":"true"},"ingressSettings":"ALLOW_ALL","serviceAccountEmail":"781811004685-compute@developer.gserviceaccount.com","availableMemory":"256Mi","maxInstanceRequestConcurrency":80,"availableCpu":"1"},"labels":{"deployment-tool":"cli-firebase","firebase-functions-hash":"9fedea269b88c3a2435db7b8ff233a19b6bfdf52"},"environment":"GEN_2"},"stages":[{"name":"BUILD","message":"Build in progress","state":"IN_PROGRESS","resource":"projects/781811004685/locations/us-central1/builds/697823e7-7f09-45c8-a5f9-e66d739b0039","resourceUri":"https://console.cloud.google.com/cloud-build/builds;region=us-central1/697823e7-7f09-45c8-a5f9-e66d739b0039?project=781811004685"},{"name":"SERVICE","state":"NOT_STARTED"}],"operationType":"CREATE_FUNCTION","buildName":"projects/781811004685/locations/us-central1/builds/697823e7-7f09-45c8-a5f9-e66d739b0039"},"done":false}
[debug] [2026-02-18T04:21:08.549Z] [create-default-us-central1-api] Retrying task index 0
[debug] [2026-02-18T04:21:08.551Z] No OAuth tokens found
[debug] [2026-02-18T04:21:08.551Z] >>> [apiv2][query] GET https://cloudfunctions.googleapis.com/v2/projects/aivo-4jxhn9zkzwiw-4402/locations/us-central1/operations/operation-1771388424978-64b1181d47f7e-280d84ea-9468276a [none]
[debug] [2026-02-18T04:21:09.604Z] <<< [apiv2][status] GET https://cloudfunctions.googleapis.com/v2/projects/aivo-4jxhn9zkzwiw-4402/locations/us-central1/operations/operation-1771388424978-64b1181d47f7e-280d84ea-9468276a 200
[debug] [2026-02-18T04:21:09.605Z] <<< [apiv2][body] GET https://cloudfunctions.googleapis.com/v2/projects/aivo-4jxhn9zkzwiw-4402/locations/us-central1/operations/operation-1771388424978-64b1181d47f7e-280d84ea-9468276a {"name":"projects/aivo-4jxhn9zkzwiw-4402/locations/us-central1/operations/operation-1771388424978-64b1181d47f7e-280d84ea-9468276a","metadata":{"@type":"type.googleapis.com/google.cloud.functions.v2.OperationMetadata","createTime":"2026-02-18T04:20:26.662721041Z","target":"projects/aivo-4jxhn9zkzwiw-4402/locations/us-central1/functions/api","verb":"create","cancelRequested":false,"apiVersion":"v2","requestResource":{"@type":"type.googleapis.com/google.cloud.functions.v2.Function","name":"projects/aivo-4jxhn9zkzwiw-4402/locations/us-central1/functions/api","buildConfig":{"runtime":"nodejs20","entryPoint":"api","source":{"storageSource":{"bucket":"gcf-v2-sources-781811004685-us-central1","object":"api/function-source.zip","generation":"1771388425823406"}},"environmentVariables":{"GOOGLE_NODE_RUN_SCRIPTS":""},"serviceAccount":"projects/aivo-4jxhn9zkzwiw-4402/serviceAccounts/781811004685-compute@developer.gserviceaccount.com","automaticUpdatePolicy":{}},"serviceConfig":{"service":"projects/aivo-4jxhn9zkzwiw-4402/locations/us-central1/services/api","timeoutSeconds":60,"environmentVariables":{"FIREBASE_CONFIG":"{\"projectId\":\"aivo-4jxhn9zkzwiw-4402\",\"storageBucket\":\"aivo-4jxhn9zkzwiw-4402.firebasestorage.app\"}","GCLOUD_PROJECT":"aivo-4jxhn9zkzwiw-4402","EVENTARC_CLOUD_EVENT_SOURCE":"projects/aivo-4jxhn9zkzwiw-4402/locations/us-central1/services/api","FUNCTION_TARGET":"api","LOG_EXECUTION_ID":"true"},"ingressSettings":"ALLOW_ALL","serviceAccountEmail":"781811004685-compute@developer.gserviceaccount.com","availableMemory":"256Mi","maxInstanceRequestConcurrency":80,"availableCpu":"1"},"labels":{"deployment-tool":"cli-firebase","firebase-functions-hash":"9fedea269b88c3a2435db7b8ff233a19b6bfdf52"},"environment":"GEN_2"},"stages":[{"name":"BUILD","message":"Build in progress","state":"IN_PROGRESS","resource":"projects/781811004685/locations/us-central1/builds/697823e7-7f09-45c8-a5f9-e66d739b0039","resourceUri":"https://console.cloud.google.com/cloud-build/builds;region=us-central1/697823e7-7f09-45c8-a5f9-e66d739b0039?project=781811004685"},{"name":"SERVICE","state":"NOT_STARTED"}],"operationType":"CREATE_FUNCTION","buildName":"projects/781811004685/locations/us-central1/builds/697823e7-7f09-45c8-a5f9-e66d739b0039"},"done":false}
[debug] [2026-02-18T04:21:19.605Z] [create-default-us-central1-api] Retrying task index 0
[debug] [2026-02-18T04:21:19.607Z] No OAuth tokens found
[debug] [2026-02-18T04:21:19.607Z] >>> [apiv2][query] GET https://cloudfunctions.googleapis.com/v2/projects/aivo-4jxhn9zkzwiw-4402/locations/us-central1/operations/operation-1771388424978-64b1181d47f7e-280d84ea-9468276a [none]
[debug] [2026-02-18T04:21:20.604Z] <<< [apiv2][status] GET https://cloudfunctions.googleapis.com/v2/projects/aivo-4jxhn9zkzwiw-4402/locations/us-central1/operations/operation-1771388424978-64b1181d47f7e-280d84ea-9468276a 200
[debug] [2026-02-18T04:21:20.604Z] <<< [apiv2][body] GET https://cloudfunctions.googleapis.com/v2/projects/aivo-4jxhn9zkzwiw-4402/locations/us-central1/operations/operation-1771388424978-64b1181d47f7e-280d84ea-9468276a {"name":"projects/aivo-4jxhn9zkzwiw-4402/locations/us-central1/operations/operation-1771388424978-64b1181d47f7e-280d84ea-9468276a","metadata":{"@type":"type.googleapis.com/google.cloud.functions.v2.OperationMetadata","createTime":"2026-02-18T04:20:26.662721041Z","endTime":"2026-02-18T04:21:10.847273865Z","target":"projects/aivo-4jxhn9zkzwiw-4402/locations/us-central1/functions/api","verb":"create","cancelRequested":false,"apiVersion":"v2","requestResource":{"@type":"type.googleapis.com/google.cloud.functions.v2.Function","name":"projects/aivo-4jxhn9zkzwiw-4402/locations/us-central1/functions/api","buildConfig":{"runtime":"nodejs20","entryPoint":"api","source":{"storageSource":{"bucket":"gcf-v2-sources-781811004685-us-central1","object":"api/function-source.zip","generation":"1771388425823406"}},"environmentVariables":{"GOOGLE_NODE_RUN_SCRIPTS":""},"serviceAccount":"projects/aivo-4jxhn9zkzwiw-4402/serviceAccounts/781811004685-compute@developer.gserviceaccount.com","automaticUpdatePolicy":{}},"serviceConfig":{"service":"projects/aivo-4jxhn9zkzwiw-4402/locations/us-central1/services/api","timeoutSeconds":60,"environmentVariables":{"FIREBASE_CONFIG":"{\"projectId\":\"aivo-4jxhn9zkzwiw-4402\",\"storageBucket\":\"aivo-4jxhn9zkzwiw-4402.firebasestorage.app\"}","GCLOUD_PROJECT":"aivo-4jxhn9zkzwiw-4402","EVENTARC_CLOUD_EVENT_SOURCE":"projects/aivo-4jxhn9zkzwiw-4402/locations/us-central1/services/api","FUNCTION_TARGET":"api","LOG_EXECUTION_ID":"true"},"ingressSettings":"ALLOW_ALL","serviceAccountEmail":"781811004685-compute@developer.gserviceaccount.com","availableMemory":"256Mi","maxInstanceRequestConcurrency":80,"availableCpu":"1"},"labels":{"deployment-tool":"cli-firebase","firebase-functions-hash":"9fedea269b88c3a2435db7b8ff233a19b6bfdf52"},"environment":"GEN_2"},"stages":[{"name":"ARTIFACT_REGISTRY","message":"Deleting function artifacts in Artifact Registry","state":"COMPLETE"},{"name":"SERVICE","message":"Deleting Cloud Run service","state":"COMPLETE","resource":"projects/aivo-4jxhn9zkzwiw-4402/locations/us-central1/services/api"}],"operationType":"CREATE_FUNCTION"},"done":true,"error":{"code":3,"message":"Build failed with status: FAILURE. Could not build the function due to a missing permission on the build service account. If you didn't revoke that permission explicitly, this could be caused by a change in the organization policies. Please refer to the following documentation for more details and resolution: https://cloud.google.com/functions/docs/troubleshooting#build-service-account\n You can also view the logs at https://console.cloud.google.com/cloud-build/builds;region=us-central1/697823e7-7f09-45c8-a5f9-e66d739b0039?project=781811004685.\n"}}
[debug] [2026-02-18T04:21:20.605Z] Got source token undefined for region us-central1
[error] Build failed with status: FAILURE. Could not build the function due to a missing permission on the build service account. If you didn't revoke that permission explicitly, this could be caused by a change in the organization policies. Please refer to the following documentation for more details and resolution: https://cloud.google.com/functions/docs/troubleshooting#build-service-account
 You can also view the logs at https://console.cloud.google.com/cloud-build/builds;region=us-central1/697823e7-7f09-45c8-a5f9-e66d739b0039?project=781811004685.

[debug] [2026-02-18T04:21:20.607Z] Total Function Deployment time: 56511
[debug] [2026-02-18T04:21:20.607Z] 1 Functions Deployed
[debug] [2026-02-18T04:21:20.607Z] 1 Functions Errored
[debug] [2026-02-18T04:21:20.607Z] 0 Function Deployments Aborted
[debug] [2026-02-18T04:21:20.607Z] Average Function Deployment time: 56510
[info] 
[info] Functions deploy had errors with the following functions:
	api(us-central1)
[debug] [2026-02-18T04:21:20.608Z] Not printing URL for HTTPS function. Typically this means it didn't match a filter or we failed deployment
[debug] [2026-02-18T04:21:20.609Z] No OAuth tokens found
[debug] [2026-02-18T04:21:20.609Z] >>> [apiv2][query] GET https://artifactregistry.googleapis.com/v1/projects/aivo-4jxhn9zkzwiw-4402/locations/us-central1/repositories/gcf-artifacts [none]
[debug] [2026-02-18T04:21:21.717Z] <<< [apiv2][status] GET https://artifactregistry.googleapis.com/v1/projects/aivo-4jxhn9zkzwiw-4402/locations/us-central1/repositories/gcf-artifacts 200
[debug] [2026-02-18T04:21:21.718Z] <<< [apiv2][body] GET https://artifactregistry.googleapis.com/v1/projects/aivo-4jxhn9zkzwiw-4402/locations/us-central1/repositories/gcf-artifacts {"name":"projects/aivo-4jxhn9zkzwiw-4402/locations/us-central1/repositories/gcf-artifacts","format":"DOCKER","description":"This repository is created and used by Cloud Functions for storing function docker images.","labels":{"goog-managed-by":"cloudfunctions"},"createTime":"2026-02-18T04:20:36.195749Z","updateTime":"2026-02-18T04:20:36.195749Z","mode":"STANDARD_REPOSITORY","vulnerabilityScanningConfig":{"lastEnableTime":"2026-02-18T04:20:26.840394600Z","enablementState":"SCANNING_DISABLED","enablementStateReason":"API containerscanning.googleapis.com is not enabled."},"satisfiesPzi":true,"registryUri":"us-central1-docker.pkg.dev/aivo-4jxhn9zkzwiw-4402/gcf-artifacts"}
[warn] ⚠  functions: No cleanup policy detected for repositories in us-central1. This may result in a small monthly bill as container images accumulate over time. 
[info] i  functions: Configuring cleanup policy for repository in us-central1. Images older than 1 days will be automatically deleted. 
[debug] [2026-02-18T04:21:21.720Z] Setting up artifact cleanup policy for region us-central1
[debug] [2026-02-18T04:21:21.721Z] No OAuth tokens found
[debug] [2026-02-18T04:21:21.721Z] >>> [apiv2][query] PATCH https://artifactregistry.googleapis.com/v1/projects/aivo-4jxhn9zkzwiw-4402/locations/us-central1/repositories/gcf-artifacts updateMask=name%2CcleanupPolicies%2CcleanupPolicyDryRun%2Clabels
[debug] [2026-02-18T04:21:21.722Z] >>> [apiv2][body] PATCH https://artifactregistry.googleapis.com/v1/projects/aivo-4jxhn9zkzwiw-4402/locations/us-central1/repositories/gcf-artifacts {"name":"projects/aivo-4jxhn9zkzwiw-4402/locations/us-central1/repositories/gcf-artifacts","cleanupPolicies":{"firebase-functions-cleanup":{"id":"firebase-functions-cleanup","condition":{"tagState":"ANY","olderThan":"86400s"},"action":"DELETE"}},"cleanupPolicyDryRun":false,"labels":{"goog-managed-by":"cloudfunctions"}}
[debug] [2026-02-18T04:21:22.795Z] <<< [apiv2][status] PATCH https://artifactregistry.googleapis.com/v1/projects/aivo-4jxhn9zkzwiw-4402/locations/us-central1/repositories/gcf-artifacts 200
[debug] [2026-02-18T04:21:22.796Z] <<< [apiv2][body] PATCH https://artifactregistry.googleapis.com/v1/projects/aivo-4jxhn9zkzwiw-4402/locations/us-central1/repositories/gcf-artifacts {"name":"projects/aivo-4jxhn9zkzwiw-4402/locations/us-central1/repositories/gcf-artifacts","format":"DOCKER","description":"This repository is created and used by Cloud Functions for storing function docker images.","labels":{"goog-managed-by":"cloudfunctions"},"createTime":"2026-02-18T04:20:36.195749Z","updateTime":"2026-02-18T04:21:22.598259Z","mode":"STANDARD_REPOSITORY","cleanupPolicies":{"firebase-functions-cleanup":{"id":"firebase-functions-cleanup","action":"DELETE","condition":{"tagState":"ANY","olderThan":"86400s"}}},"vulnerabilityScanningConfig":{"lastEnableTime":"2026-02-18T04:20:26.840394600Z","enablementState":"SCANNING_DISABLED","enablementStateReason":"API containerscanning.googleapis.com is not enabled."},"satisfiesPzi":true}
[info] i  functions: Configured cleanup policy for repository in us-central1. 
[debug] [2026-02-18T04:21:22.796Z] Functions deploy failed.
[debug] [2026-02-18T04:21:22.797Z] {
  "endpoint": {
    "id": "api",
    "project": "aivo-4jxhn9zkzwiw-4402",
    "region": "us-central1",
    "entryPoint": "api",
    "platform": "gcfv2",
    "runtime": "nodejs20",
    "httpsTrigger": {},
    "labels": {
      "deployment-tool": "cli-firebase"
    },
    "serviceAccount": null,
    "ingressSettings": null,
    "availableMemoryMb": null,
    "timeoutSeconds": null,
    "maxInstances": null,
    "minInstances": null,
    "concurrency": 80,
    "vpc": null,
    "environmentVariables": {
      "FIREBASE_CONFIG": "{\"projectId\":\"aivo-4jxhn9zkzwiw-4402\",\"storageBucket\":\"aivo-4jxhn9zkzwiw-4402.firebasestorage.app\"}",
      "GCLOUD_PROJECT": "aivo-4jxhn9zkzwiw-4402",
      "EVENTARC_CLOUD_EVENT_SOURCE": "projects/aivo-4jxhn9zkzwiw-4402/locations/us-central1/services/api"
    },
    "codebase": "default",
    "cpu": 1,
    "targetedByOnly": false,
    "hash": "9fedea269b88c3a2435db7b8ff233a19b6bfdf52"
  },
  "op": "create",
  "original": {
    "name": "FirebaseError",
    "children": [],
    "exit": 1,
    "message": "Build failed with status: FAILURE. Could not build the function due to a missing permission on the build service account. If you didn't revoke that permission explicitly, this could be caused by a change in the organization policies. Please refer to the following documentation for more details and resolution: https://cloud.google.com/functions/docs/troubleshooting#build-service-account\n You can also view the logs at https://console.cloud.google.com/cloud-build/builds;region=us-central1/697823e7-7f09-45c8-a5f9-e66d739b0039?project=781811004685.\n",
    "original": {
      "code": 3,
      "message": "Build failed with status: FAILURE. Could not build the function due to a missing permission on the build service account. If you didn't revoke that permission explicitly, this could be caused by a change in the organization policies. Please refer to the following documentation for more details and resolution: https://cloud.google.com/functions/docs/troubleshooting#build-service-account\n You can also view the logs at https://console.cloud.google.com/cloud-build/builds;region=us-central1/697823e7-7f09-45c8-a5f9-e66d739b0039?project=781811004685.\n"
    },
    "status": 3,
    "code": 3
  }
}
[debug] [2026-02-18T04:21:22.799Z] Error: Failed to create function api in region us-central1
    at /Users/alejandrosilva/.nvm/versions/node/v20.19.0/lib/node_modules/firebase-tools/lib/deploy/functions/release/fabricator.js:306:27
    at process.processTicksAndRejections (node:internal/process/task_queues:95:5)
    at async Fabricator.createV2Function (/Users/alejandrosilva/.nvm/versions/node/v20.19.0/lib/node_modules/firebase-tools/lib/deploy/functions/release/fabricator.js:290:30)
    at async Fabricator.createEndpoint (/Users/alejandrosilva/.nvm/versions/node/v20.19.0/lib/node_modules/firebase-tools/lib/deploy/functions/release/fabricator.js:137:13)
    at async handle (/Users/alejandrosilva/.nvm/versions/node/v20.19.0/lib/node_modules/firebase-tools/lib/deploy/functions/release/fabricator.js:89:17)
[error] 
[error] Error: There was an error deploying functions
[debug] [2026-02-18T04:29:20.018Z] ----------------------------------------------------------------------
[debug] [2026-02-18T04:29:20.020Z] Command:       /Users/alejandrosilva/.nvm/versions/node/v20.19.0/bin/node /Users/alejandrosilva/.nvm/versions/node/v20.19.0/bin/firebase deploy --only functions --project aivo-4jxhn9zkzwiw-4402 --non-interactive --force
[debug] [2026-02-18T04:29:20.020Z] CLI Version:   14.22.0
[debug] [2026-02-18T04:29:20.020Z] Platform:      darwin
[debug] [2026-02-18T04:29:20.020Z] Node Version:  v20.19.0
[debug] [2026-02-18T04:29:20.020Z] Time:          Wed Feb 18 2026 01:29:20 GMT-0300 (Uruguay Standard Time)
[debug] [2026-02-18T04:29:20.020Z] ----------------------------------------------------------------------
[debug] 
[debug] [2026-02-18T04:29:20.114Z] > command requires scopes: ["email","openid","https://www.googleapis.com/auth/cloudplatformprojects.readonly","https://www.googleapis.com/auth/firebase","https://www.googleapis.com/auth/cloud-platform"]
[debug] [2026-02-18T04:29:20.262Z] Running auto auth
[debug] [2026-02-18T04:29:20.263Z] [iam] checking project aivo-4jxhn9zkzwiw-4402 for permissions ["cloudfunctions.functions.create","cloudfunctions.functions.delete","cloudfunctions.functions.get","cloudfunctions.functions.list","cloudfunctions.functions.update","cloudfunctions.operations.get","firebase.projects.get"]
[debug] [2026-02-18T04:29:20.264Z] No OAuth tokens found
[debug] [2026-02-18T04:29:20.265Z] >>> [apiv2][query] POST https://cloudresourcemanager.googleapis.com/v1/projects/aivo-4jxhn9zkzwiw-4402:testIamPermissions [none]
[debug] [2026-02-18T04:29:20.265Z] >>> [apiv2][(partial)header] POST https://cloudresourcemanager.googleapis.com/v1/projects/aivo-4jxhn9zkzwiw-4402:testIamPermissions x-goog-quota-user=projects/aivo-4jxhn9zkzwiw-4402
[debug] [2026-02-18T04:29:20.265Z] >>> [apiv2][body] POST https://cloudresourcemanager.googleapis.com/v1/projects/aivo-4jxhn9zkzwiw-4402:testIamPermissions {"permissions":["cloudfunctions.functions.create","cloudfunctions.functions.delete","cloudfunctions.functions.get","cloudfunctions.functions.list","cloudfunctions.functions.update","cloudfunctions.operations.get","firebase.projects.get"]}
[debug] [2026-02-18T04:29:21.235Z] <<< [apiv2][status] POST https://cloudresourcemanager.googleapis.com/v1/projects/aivo-4jxhn9zkzwiw-4402:testIamPermissions 200
[debug] [2026-02-18T04:29:21.236Z] <<< [apiv2][body] POST https://cloudresourcemanager.googleapis.com/v1/projects/aivo-4jxhn9zkzwiw-4402:testIamPermissions {"permissions":["cloudfunctions.functions.create","cloudfunctions.functions.delete","cloudfunctions.functions.get","cloudfunctions.functions.list","cloudfunctions.functions.update","cloudfunctions.operations.get","firebase.projects.get"]}
[debug] [2026-02-18T04:29:21.237Z] No OAuth tokens found
[debug] [2026-02-18T04:29:21.237Z] >>> [apiv2][query] POST https://iam.googleapis.com/v1/projects/aivo-4jxhn9zkzwiw-4402/serviceAccounts/aivo-4jxhn9zkzwiw-4402@appspot.gserviceaccount.com:testIamPermissions [none]
[debug] [2026-02-18T04:29:21.238Z] >>> [apiv2][body] POST https://iam.googleapis.com/v1/projects/aivo-4jxhn9zkzwiw-4402/serviceAccounts/aivo-4jxhn9zkzwiw-4402@appspot.gserviceaccount.com:testIamPermissions {"permissions":["iam.serviceAccounts.actAs"]}
[debug] [2026-02-18T04:29:22.256Z] <<< [apiv2][status] POST https://iam.googleapis.com/v1/projects/aivo-4jxhn9zkzwiw-4402/serviceAccounts/aivo-4jxhn9zkzwiw-4402@appspot.gserviceaccount.com:testIamPermissions 200
[debug] [2026-02-18T04:29:22.257Z] <<< [apiv2][body] POST https://iam.googleapis.com/v1/projects/aivo-4jxhn9zkzwiw-4402/serviceAccounts/aivo-4jxhn9zkzwiw-4402@appspot.gserviceaccount.com:testIamPermissions {"permissions":["iam.serviceAccounts.actAs"]}
[info] 
[info] === Deploying to 'aivo-4jxhn9zkzwiw-4402'...
[info] 
[info] i  deploying functions 
[info] Running command: npm run build
[info] ✔  functions: Finished running predeploy script. 
[debug] [2026-02-18T04:29:23.480Z] No OAuth tokens found
[debug] [2026-02-18T04:29:23.480Z] >>> [apiv2][query] GET https://cloudresourcemanager.googleapis.com/v1/projects/aivo-4jxhn9zkzwiw-4402 [none]
[debug] [2026-02-18T04:29:23.710Z] <<< [apiv2][status] GET https://cloudresourcemanager.googleapis.com/v1/projects/aivo-4jxhn9zkzwiw-4402 200
[debug] [2026-02-18T04:29:23.710Z] <<< [apiv2][body] GET https://cloudresourcemanager.googleapis.com/v1/projects/aivo-4jxhn9zkzwiw-4402 {"projectNumber":"781811004685","projectId":"aivo-4jxhn9zkzwiw-4402","lifecycleState":"ACTIVE","name":"AIVO - aivo-4jxhn9zkzwiw-4402","labels":{"firebase":"enabled","firebase-core":"disabled"},"createTime":"2026-02-18T04:08:06.427336Z","parent":{"type":"organization","id":"283194625711"}}
[info] i  functions: preparing codebase default for deployment 
[info] i  functions: ensuring required API cloudfunctions.googleapis.com is enabled... 
[info] i  functions: ensuring required API cloudbuild.googleapis.com is enabled... 
[info] i  artifactregistry: ensuring required API artifactregistry.googleapis.com is enabled... 
[debug] [2026-02-18T04:29:23.714Z] No OAuth tokens found
[debug] [2026-02-18T04:29:23.714Z] >>> [apiv2][query] GET https://firebase.googleapis.com/v1beta1/projects/aivo-4jxhn9zkzwiw-4402/adminSdkConfig [none]
[debug] [2026-02-18T04:29:24.265Z] <<< [apiv2][status] GET https://firebase.googleapis.com/v1beta1/projects/aivo-4jxhn9zkzwiw-4402/adminSdkConfig 200
[debug] [2026-02-18T04:29:24.265Z] <<< [apiv2][body] GET https://firebase.googleapis.com/v1beta1/projects/aivo-4jxhn9zkzwiw-4402/adminSdkConfig {"projectId":"aivo-4jxhn9zkzwiw-4402","storageBucket":"aivo-4jxhn9zkzwiw-4402.firebasestorage.app"}
[debug] [2026-02-18T04:29:24.265Z] No OAuth tokens found
[debug] [2026-02-18T04:29:24.266Z] >>> [apiv2][query] GET https://runtimeconfig.googleapis.com/v1beta1/projects/aivo-4jxhn9zkzwiw-4402/configs [none]
[debug] [2026-02-18T04:29:25.390Z] <<< [apiv2][status] GET https://runtimeconfig.googleapis.com/v1beta1/projects/aivo-4jxhn9zkzwiw-4402/configs 200
[debug] [2026-02-18T04:29:25.390Z] <<< [apiv2][body] GET https://runtimeconfig.googleapis.com/v1beta1/projects/aivo-4jxhn9zkzwiw-4402/configs {}
[debug] [2026-02-18T04:29:25.392Z] Validating nodejs source
[warn] ⚠  functions: Runtime Node.js 20 will be deprecated on 2026-04-30 and will be decommissioned on 2026-10-30, after which you will not be able to deploy without upgrading. Consider upgrading now to avoid disruption. See https://cloud.google.com/functions/docs/runtime-support for full details on the lifecycle policy 
[warn] ⚠  functions: package.json indicates an outdated version of firebase-functions. Please upgrade using npm install --save firebase-functions@latest in your functions directory. 
[warn] ⚠  functions: Please note that there will be breaking changes when you upgrade. 
[debug] [2026-02-18T04:29:25.832Z] > [functions] package.json contents: {
  "name": "market-uy-backend",
  "version": "1.0.0",
  "description": "Backend API for Market Uy self-checkout ordering system",
  "main": "dist/index.js",
  "engines": {
    "node": "20"
  },
  "scripts": {
    "build": "tsc",
    "start": "node dist/index.js",
    "dev": "ts-node src/index.ts",
    "lint": "eslint src --ext .ts",
    "test": "jest"
  },
  "dependencies": {
    "cors": "^2.8.5",
    "dotenv": "^16.3.1",
    "express": "^4.18.2",
    "firebase-admin": "^12.0.0",
    "firebase-functions": "^5.0.1",
    "joi": "^17.11.0",
    "uuid": "^9.0.1"
  },
  "devDependencies": {
    "@types/cors": "^2.8.17",
    "@types/express": "^4.17.21",
    "@types/jest": "^29.5.11",
    "@types/node": "^20.10.6",
    "@types/supertest": "^6.0.3",
    "@types/uuid": "^10.0.0",
    "@typescript-eslint/eslint-plugin": "^6.17.0",
    "@typescript-eslint/parser": "^6.17.0",
    "eslint": "^8.56.0",
    "jest": "^29.7.0",
    "supertest": "^7.2.2",
    "ts-jest": "^29.1.1",
    "ts-node": "^10.9.2",
    "typescript": "^5.3.3"
  }
}
[debug] [2026-02-18T04:29:25.832Z] Building nodejs source
[info] i  functions: Loading and analyzing source code for codebase default to determine what to deploy 
[debug] [2026-02-18T04:29:25.833Z] Could not find functions.yaml. Must use http discovery
[debug] [2026-02-18T04:29:25.839Z] Found firebase-functions binary at '/private/tmp/aivo-projects/4JxhN9zKZwIWf3uWxgJd/backend/node_modules/.bin/firebase-functions'
[info] Serving at port 8925

[info] Firebase initialized successfully

[debug] [2026-02-18T04:29:26.096Z] Got response from /__/functions.yaml {"endpoints":{"api":{"availableMemoryMb":null,"timeoutSeconds":null,"minInstances":null,"maxInstances":null,"ingressSettings":null,"concurrency":null,"serviceAccountEmail":null,"vpc":null,"platform":"gcfv2","labels":{},"httpsTrigger":{},"entryPoint":"api"}},"specVersion":"v1alpha1","requiredAPIs":[],"extensions":{}}
[info] i  extensions: ensuring required API firebaseextensions.googleapis.com is enabled... 
[debug] [2026-02-18T04:29:30.117Z] > command requires scopes: ["email","openid","https://www.googleapis.com/auth/cloudplatformprojects.readonly","https://www.googleapis.com/auth/firebase","https://www.googleapis.com/auth/cloud-platform"]
[debug] [2026-02-18T04:29:30.117Z] Running auto auth
[debug] [2026-02-18T04:29:30.117Z] [iam] checking project aivo-4jxhn9zkzwiw-4402 for permissions ["firebase.projects.get","firebaseextensions.instances.list"]
[debug] [2026-02-18T04:29:30.118Z] No OAuth tokens found
[debug] [2026-02-18T04:29:30.118Z] >>> [apiv2][query] POST https://cloudresourcemanager.googleapis.com/v1/projects/aivo-4jxhn9zkzwiw-4402:testIamPermissions [none]
[debug] [2026-02-18T04:29:30.118Z] >>> [apiv2][(partial)header] POST https://cloudresourcemanager.googleapis.com/v1/projects/aivo-4jxhn9zkzwiw-4402:testIamPermissions x-goog-quota-user=projects/aivo-4jxhn9zkzwiw-4402
[debug] [2026-02-18T04:29:30.118Z] >>> [apiv2][body] POST https://cloudresourcemanager.googleapis.com/v1/projects/aivo-4jxhn9zkzwiw-4402:testIamPermissions {"permissions":["firebase.projects.get","firebaseextensions.instances.list"]}
[debug] [2026-02-18T04:29:31.064Z] <<< [apiv2][status] POST https://cloudresourcemanager.googleapis.com/v1/projects/aivo-4jxhn9zkzwiw-4402:testIamPermissions 200
[debug] [2026-02-18T04:29:31.065Z] <<< [apiv2][body] POST https://cloudresourcemanager.googleapis.com/v1/projects/aivo-4jxhn9zkzwiw-4402:testIamPermissions {"permissions":["firebase.projects.get","firebaseextensions.instances.list"]}
[debug] [2026-02-18T04:29:31.066Z] No OAuth tokens found
[debug] [2026-02-18T04:29:31.066Z] >>> [apiv2][query] GET https://firebaseextensions.googleapis.com/v1beta/projects/aivo-4jxhn9zkzwiw-4402/instances pageSize=100&pageToken=
[debug] [2026-02-18T04:29:32.165Z] <<< [apiv2][status] GET https://firebaseextensions.googleapis.com/v1beta/projects/aivo-4jxhn9zkzwiw-4402/instances 200
[debug] [2026-02-18T04:29:32.165Z] <<< [apiv2][body] GET https://firebaseextensions.googleapis.com/v1beta/projects/aivo-4jxhn9zkzwiw-4402/instances {}
[info] i  functions: preparing . directory for uploading... 
[info] i  functions: packaged /private/tmp/aivo-projects/4JxhN9zKZwIWf3uWxgJd/backend (137.48 KB) for uploading 
[debug] [2026-02-18T04:29:32.251Z] No OAuth tokens found
[debug] [2026-02-18T04:29:32.251Z] >>> [apiv2][query] GET https://cloudfunctions.googleapis.com/v1/projects/aivo-4jxhn9zkzwiw-4402/locations/-/functions [none]
[debug] [2026-02-18T04:29:33.244Z] <<< [apiv2][status] GET https://cloudfunctions.googleapis.com/v1/projects/aivo-4jxhn9zkzwiw-4402/locations/-/functions 200
[debug] [2026-02-18T04:29:33.244Z] <<< [apiv2][body] GET https://cloudfunctions.googleapis.com/v1/projects/aivo-4jxhn9zkzwiw-4402/locations/-/functions {}
[debug] [2026-02-18T04:29:33.246Z] No OAuth tokens found
[debug] [2026-02-18T04:29:33.246Z] >>> [apiv2][query] GET https://cloudfunctions.googleapis.com/v2/projects/aivo-4jxhn9zkzwiw-4402/locations/-/functions filter=environment%3D%22GEN_2%22
[debug] [2026-02-18T04:29:34.649Z] <<< [apiv2][status] GET https://cloudfunctions.googleapis.com/v2/projects/aivo-4jxhn9zkzwiw-4402/locations/-/functions 200
[debug] [2026-02-18T04:29:34.649Z] <<< [apiv2][body] GET https://cloudfunctions.googleapis.com/v2/projects/aivo-4jxhn9zkzwiw-4402/locations/-/functions {"functions":[{"name":"projects/aivo-4jxhn9zkzwiw-4402/locations/us-central1/functions/api","buildConfig":{"build":"projects/781811004685/locations/us-central1/builds/697823e7-7f09-45c8-a5f9-e66d739b0039","runtime":"nodejs20","entryPoint":"api","source":{"storageSource":{"bucket":"gcf-v2-sources-781811004685-us-central1","object":"api/function-source.zip","generation":"1771388425823406"}},"environmentVariables":{"GOOGLE_NODE_RUN_SCRIPTS":""},"dockerRepository":"projects/aivo-4jxhn9zkzwiw-4402/locations/us-central1/repositories/gcf-artifacts","sourceProvenance":{"resolvedStorageSource":{"bucket":"gcf-v2-sources-781811004685-us-central1","object":"api/function-source.zip","generation":"1771388425823406"}},"dockerRegistry":"ARTIFACT_REGISTRY","serviceAccount":"projects/aivo-4jxhn9zkzwiw-4402/serviceAccounts/781811004685-compute@developer.gserviceaccount.com","automaticUpdatePolicy":{}},"state":"FAILED","updateTime":"2026-02-18T04:21:10.856992858Z","labels":{"deployment-tool":"cli-firebase","firebase-functions-hash":"9fedea269b88c3a2435db7b8ff233a19b6bfdf52"},"stateMessages":[{"severity":"ERROR","type":"CloudRunServiceNotFound","message":"Cloud Run service projects/aivo-4jxhn9zkzwiw-4402/locations/us-central1/services/api for the function was not found. The function will not work correctly. Please redeploy."}],"environment":"GEN_2","url":"https://us-central1-aivo-4jxhn9zkzwiw-4402.cloudfunctions.net/api","createTime":"2026-02-18T04:20:26.657466396Z","satisfiesPzi":true}]}
[info] i  functions: ensuring required API run.googleapis.com is enabled... 
[info] i  functions: ensuring required API eventarc.googleapis.com is enabled... 
[info] i  functions: ensuring required API pubsub.googleapis.com is enabled... 
[info] i  functions: ensuring required API storage.googleapis.com is enabled... 
[info] i  functions: generating the service identity for pubsub.googleapis.com... 
[debug] [2026-02-18T04:29:34.655Z] No OAuth tokens found
[info] i  functions: generating the service identity for eventarc.googleapis.com... 
[debug] [2026-02-18T04:29:34.655Z] No OAuth tokens found
[debug] [2026-02-18T04:29:34.655Z] >>> [apiv2][query] POST https://serviceusage.googleapis.com/v1beta1/projects/781811004685/services/pubsub.googleapis.com:generateServiceIdentity [none]
[debug] [2026-02-18T04:29:34.655Z] >>> [apiv2][(partial)header] POST https://serviceusage.googleapis.com/v1beta1/projects/781811004685/services/pubsub.googleapis.com:generateServiceIdentity x-goog-quota-user=projects/781811004685
[debug] [2026-02-18T04:29:34.655Z] >>> [apiv2][body] POST https://serviceusage.googleapis.com/v1beta1/projects/781811004685/services/pubsub.googleapis.com:generateServiceIdentity {}
[debug] [2026-02-18T04:29:34.657Z] >>> [apiv2][query] POST https://serviceusage.googleapis.com/v1beta1/projects/781811004685/services/eventarc.googleapis.com:generateServiceIdentity [none]
[debug] [2026-02-18T04:29:34.657Z] >>> [apiv2][(partial)header] POST https://serviceusage.googleapis.com/v1beta1/projects/781811004685/services/eventarc.googleapis.com:generateServiceIdentity x-goog-quota-user=projects/781811004685
[debug] [2026-02-18T04:29:34.657Z] >>> [apiv2][body] POST https://serviceusage.googleapis.com/v1beta1/projects/781811004685/services/eventarc.googleapis.com:generateServiceIdentity {}
[debug] [2026-02-18T04:29:35.782Z] <<< [apiv2][status] POST https://serviceusage.googleapis.com/v1beta1/projects/781811004685/services/pubsub.googleapis.com:generateServiceIdentity 200
[debug] [2026-02-18T04:29:35.782Z] <<< [apiv2][body] POST https://serviceusage.googleapis.com/v1beta1/projects/781811004685/services/pubsub.googleapis.com:generateServiceIdentity {"name":"operations/finished.DONE_OPERATION","done":true,"response":{"@type":"type.googleapis.com/google.api.serviceusage.v1beta1.ServiceIdentity","email":"service-781811004685@gcp-sa-pubsub.iam.gserviceaccount.com","uniqueId":"103474511910076932089"}}
[debug] [2026-02-18T04:29:35.784Z] <<< [apiv2][status] POST https://serviceusage.googleapis.com/v1beta1/projects/781811004685/services/eventarc.googleapis.com:generateServiceIdentity 200
[debug] [2026-02-18T04:29:35.784Z] <<< [apiv2][body] POST https://serviceusage.googleapis.com/v1beta1/projects/781811004685/services/eventarc.googleapis.com:generateServiceIdentity {"name":"operations/finished.DONE_OPERATION","done":true,"response":{"@type":"type.googleapis.com/google.api.serviceusage.v1beta1.ServiceIdentity","email":"service-781811004685@gcp-sa-eventarc.iam.gserviceaccount.com","uniqueId":"106210261091979292001"}}
[debug] [2026-02-18T04:29:35.788Z] No OAuth tokens found
[debug] [2026-02-18T04:29:35.788Z] >>> [apiv2][query] GET https://cloudresourcemanager.googleapis.com/v1/projects/aivo-4jxhn9zkzwiw-4402 [none]
[debug] [2026-02-18T04:29:36.015Z] <<< [apiv2][status] GET https://cloudresourcemanager.googleapis.com/v1/projects/aivo-4jxhn9zkzwiw-4402 200
[debug] [2026-02-18T04:29:36.016Z] <<< [apiv2][body] GET https://cloudresourcemanager.googleapis.com/v1/projects/aivo-4jxhn9zkzwiw-4402 {"projectNumber":"781811004685","projectId":"aivo-4jxhn9zkzwiw-4402","lifecycleState":"ACTIVE","name":"AIVO - aivo-4jxhn9zkzwiw-4402","labels":{"firebase":"enabled","firebase-core":"disabled"},"createTime":"2026-02-18T04:08:06.427336Z","parent":{"type":"organization","id":"283194625711"}}
[debug] [2026-02-18T04:29:36.017Z] No OAuth tokens found
[debug] [2026-02-18T04:29:36.017Z] >>> [apiv2][query] GET https://compute.googleapis.com/compute/v1/projects/781811004685 [none]
[debug] [2026-02-18T04:29:36.511Z] <<< [apiv2][status] GET https://compute.googleapis.com/compute/v1/projects/781811004685 200
[debug] [2026-02-18T04:29:36.511Z] <<< [apiv2][body] GET https://compute.googleapis.com/compute/v1/projects/781811004685 {"kind":"compute#project","id":"7056946993447863203","creationTimestamp":"2026-02-17T20:17:16.852-08:00","name":"aivo-4jxhn9zkzwiw-4402","commonInstanceMetadata":{"kind":"compute#metadata","fingerprint":"qd1iZwPfUZ4="},"quotas":[{"metric":"SNAPSHOTS","limit":1000,"usage":0},{"metric":"NETWORKS","limit":5,"usage":1},{"metric":"FIREWALLS","limit":100,"usage":4},{"metric":"IMAGES","limit":100,"usage":0},{"metric":"STATIC_ADDRESSES","limit":8,"usage":0},{"metric":"ROUTES","limit":200,"usage":0},{"metric":"FORWARDING_RULES","limit":15,"usage":0},{"metric":"TARGET_POOLS","limit":50,"usage":0},{"metric":"HEALTH_CHECKS","limit":75,"usage":0},{"metric":"IN_USE_ADDRESSES","limit":4,"usage":0},{"metric":"TARGET_INSTANCES","limit":50,"usage":0},{"metric":"TARGET_HTTP_PROXIES","limit":10,"usage":0},{"metric":"URL_MAPS","limit":10,"usage":0},{"metric":"BACKEND_SERVICES","limit":50,"usage":0},{"metric":"INSTANCE_TEMPLATES","limit":100,"usage":0},{"metric":"TARGET_VPN_GATEWAYS","limit":5,"usage":0},{"metric":"VPN_TUNNELS","limit":10,"usage":0},{"metric":"BACKEND_BUCKETS","limit":3,"usage":0},{"metric":"ROUTERS","limit":10,"usage":0},{"metric":"TARGET_SSL_PROXIES","limit":10,"usage":0},{"metric":"TARGET_HTTPS_PROXIES","limit":10,"usage":0},{"metric":"SSL_CERTIFICATES","limit":10,"usage":0},{"metric":"SUBNETWORKS","limit":100,"usage":0},{"metric":"TARGET_TCP_PROXIES","limit":10,"usage":0},{"metric":"CPUS_ALL_REGIONS","limit":12,"usage":0},{"metric":"SECURITY_POLICIES","limit":0,"usage":0},{"metric":"SECURITY_POLICY_RULES","limit":0,"usage":0},{"metric":"XPN_SERVICE_PROJECTS","limit":1000,"usage":0},{"metric":"PACKET_MIRRORINGS","limit":20,"usage":0},{"metric":"NETWORK_ENDPOINT_GROUPS","limit":100,"usage":0},{"metric":"INTERCONNECTS","limit":6,"usage":0},{"metric":"SSL_POLICIES","limit":10,"usage":0},{"metric":"GLOBAL_INTERNAL_ADDRESSES","limit":5000,"usage":0},{"metric":"VPN_GATEWAYS","limit":5,"usage":0},{"metric":"MACHINE_IMAGES","limit":100,"usage":0},{"metric":"SECURITY_POLICY_CEVAL_RULES","limit":0,"usage":0},{"metric":"GPUS_ALL_REGIONS","limit":0,"usage":0},{"metric":"EXTERNAL_VPN_GATEWAYS","limit":5,"usage":0},{"metric":"PUBLIC_ADVERTISED_PREFIXES","limit":1,"usage":0},{"metric":"PUBLIC_DELEGATED_PREFIXES","limit":10,"usage":0},{"metric":"STATIC_BYOIP_ADDRESSES","limit":128,"usage":0},{"metric":"NETWORK_FIREWALL_POLICIES","limit":10,"usage":0},{"metric":"INTERNAL_TRAFFIC_DIRECTOR_FORWARDING_RULES","limit":15,"usage":0},{"metric":"GLOBAL_EXTERNAL_MANAGED_FORWARDING_RULES","limit":15,"usage":0},{"metric":"GLOBAL_INTERNAL_MANAGED_BACKEND_SERVICES","limit":50,"usage":0},{"metric":"GLOBAL_EXTERNAL_MANAGED_BACKEND_SERVICES","limit":50,"usage":0},{"metric":"GLOBAL_EXTERNAL_PROXY_LB_BACKEND_SERVICES","limit":50,"usage":0},{"metric":"GLOBAL_INTERNAL_TRAFFIC_DIRECTOR_BACKEND_SERVICES","limit":100,"usage":0}],"selfLink":"https://www.googleapis.com/compute/v1/projects/aivo-4jxhn9zkzwiw-4402","defaultServiceAccount":"781811004685-compute@developer.gserviceaccount.com","xpnProjectStatus":"UNSPECIFIED_XPN_PROJECT_STATUS","defaultNetworkTier":"PREMIUM","vmDnsSetting":"ZONAL_ONLY","cloudArmorTier":"CA_STANDARD"}
[debug] [2026-02-18T04:29:36.514Z] No OAuth tokens found
[debug] [2026-02-18T04:29:36.514Z] >>> [apiv2][query] GET https://cloudbilling.googleapis.com/v1/projects/aivo-4jxhn9zkzwiw-4402/billingInfo [none]
[debug] [2026-02-18T04:29:37.915Z] <<< [apiv2][status] GET https://cloudbilling.googleapis.com/v1/projects/aivo-4jxhn9zkzwiw-4402/billingInfo 200
[debug] [2026-02-18T04:29:37.915Z] <<< [apiv2][body] GET https://cloudbilling.googleapis.com/v1/projects/aivo-4jxhn9zkzwiw-4402/billingInfo {"name":"projects/aivo-4jxhn9zkzwiw-4402/billingInfo","projectId":"aivo-4jxhn9zkzwiw-4402","billingAccountName":"billingAccounts/01DF6E-0B7675-CA3239","billingEnabled":true}
[info] i  functions: updating Node.js 20 (2nd Gen) function api(us-central1)... 
[debug] [2026-02-18T04:29:37.921Z] Precondition failed. Cannot update a GCFv2 function without storage
[debug] [2026-02-18T04:29:37.923Z] Total Function Deployment time: 1
[debug] [2026-02-18T04:29:37.923Z] 1 Functions Deployed
[debug] [2026-02-18T04:29:37.923Z] 1 Functions Errored
[debug] [2026-02-18T04:29:37.923Z] 0 Function Deployments Aborted
[debug] [2026-02-18T04:29:37.923Z] Average Function Deployment time: 0
[info] 
[info] Functions deploy had errors with the following functions:
	api(us-central1)
[debug] [2026-02-18T04:29:37.924Z] Not printing URL for HTTPS function. Typically this means it didn't match a filter or we failed deployment
[debug] [2026-02-18T04:29:37.924Z] No OAuth tokens found
[debug] [2026-02-18T04:29:37.924Z] >>> [apiv2][query] GET https://artifactregistry.googleapis.com/v1/projects/aivo-4jxhn9zkzwiw-4402/locations/us-central1/repositories/gcf-artifacts [none]
[debug] [2026-02-18T04:29:39.127Z] <<< [apiv2][status] GET https://artifactregistry.googleapis.com/v1/projects/aivo-4jxhn9zkzwiw-4402/locations/us-central1/repositories/gcf-artifacts 200
[debug] [2026-02-18T04:29:39.128Z] <<< [apiv2][body] GET https://artifactregistry.googleapis.com/v1/projects/aivo-4jxhn9zkzwiw-4402/locations/us-central1/repositories/gcf-artifacts {"name":"projects/aivo-4jxhn9zkzwiw-4402/locations/us-central1/repositories/gcf-artifacts","format":"DOCKER","description":"This repository is created and used by Cloud Functions for storing function docker images.","labels":{"goog-managed-by":"cloudfunctions"},"createTime":"2026-02-18T04:20:36.195749Z","updateTime":"2026-02-18T04:21:22.598259Z","mode":"STANDARD_REPOSITORY","cleanupPolicies":{"firebase-functions-cleanup":{"id":"firebase-functions-cleanup","action":"DELETE","condition":{"tagState":"ANY","olderThan":"86400s"}}},"vulnerabilityScanningConfig":{"lastEnableTime":"2026-02-18T04:20:26.840394600Z","enablementState":"SCANNING_DISABLED","enablementStateReason":"API containerscanning.googleapis.com is not enabled."},"satisfiesPzi":true,"registryUri":"us-central1-docker.pkg.dev/aivo-4jxhn9zkzwiw-4402/gcf-artifacts"}
[debug] [2026-02-18T04:29:39.128Z] Functions deploy failed.
[debug] [2026-02-18T04:29:39.128Z] {}
[debug] [2026-02-18T04:29:39.130Z] Error: Precondition failed
    at Fabricator.updateV2Function (/Users/alejandrosilva/.nvm/versions/node/v20.19.0/lib/node_modules/firebase-tools/lib/deploy/functions/release/fabricator.js:394:19)
    at Fabricator.updateEndpoint (/Users/alejandrosilva/.nvm/versions/node/v20.19.0/lib/node_modules/firebase-tools/lib/deploy/functions/release/fabricator.js:160:24)
    at /Users/alejandrosilva/.nvm/versions/node/v20.19.0/lib/node_modules/firebase-tools/lib/deploy/functions/release/fabricator.js:110:71
    at handle (/Users/alejandrosilva/.nvm/versions/node/v20.19.0/lib/node_modules/firebase-tools/lib/deploy/functions/release/fabricator.js:89:23)
    at Fabricator.applyChangeset (/Users/alejandrosilva/.nvm/versions/node/v20.19.0/lib/node_modules/firebase-tools/lib/deploy/functions/release/fabricator.js:110:26)
    at /Users/alejandrosilva/.nvm/versions/node/v20.19.0/lib/node_modules/firebase-tools/lib/deploy/functions/release/fabricator.js:69:40
    at Array.map (<anonymous>)
    at Fabricator.applyPlan (/Users/alejandrosilva/.nvm/versions/node/v20.19.0/lib/node_modules/firebase-tools/lib/deploy/functions/release/fabricator.js:68:54)
    at release (/Users/alejandrosilva/.nvm/versions/node/v20.19.0/lib/node_modules/firebase-tools/lib/deploy/functions/release/index.js:76:31)
    at process.processTicksAndRejections (node:internal/process/task_queues:95:5)
[error] 
[error] Error: There was an error deploying functions
[debug] [2026-02-18T04:32:20.463Z] ----------------------------------------------------------------------
[debug] [2026-02-18T04:32:20.465Z] Command:       /Users/alejandrosilva/.nvm/versions/node/v20.19.0/bin/node /Users/alejandrosilva/.nvm/versions/node/v20.19.0/bin/firebase deploy --only functions --project aivo-4jxhn9zkzwiw-4402 --non-interactive --force
[debug] [2026-02-18T04:32:20.465Z] CLI Version:   14.22.0
[debug] [2026-02-18T04:32:20.465Z] Platform:      darwin
[debug] [2026-02-18T04:32:20.465Z] Node Version:  v20.19.0
[debug] [2026-02-18T04:32:20.465Z] Time:          Wed Feb 18 2026 01:32:20 GMT-0300 (Uruguay Standard Time)
[debug] [2026-02-18T04:32:20.466Z] ----------------------------------------------------------------------
[debug] 
[debug] [2026-02-18T04:32:20.559Z] > command requires scopes: ["email","openid","https://www.googleapis.com/auth/cloudplatformprojects.readonly","https://www.googleapis.com/auth/firebase","https://www.googleapis.com/auth/cloud-platform"]
[debug] [2026-02-18T04:32:20.735Z] Running auto auth
[debug] [2026-02-18T04:32:20.735Z] [iam] checking project aivo-4jxhn9zkzwiw-4402 for permissions ["cloudfunctions.functions.create","cloudfunctions.functions.delete","cloudfunctions.functions.get","cloudfunctions.functions.list","cloudfunctions.functions.update","cloudfunctions.operations.get","firebase.projects.get"]
[debug] [2026-02-18T04:32:20.736Z] No OAuth tokens found
[debug] [2026-02-18T04:32:20.737Z] >>> [apiv2][query] POST https://cloudresourcemanager.googleapis.com/v1/projects/aivo-4jxhn9zkzwiw-4402:testIamPermissions [none]
[debug] [2026-02-18T04:32:20.737Z] >>> [apiv2][(partial)header] POST https://cloudresourcemanager.googleapis.com/v1/projects/aivo-4jxhn9zkzwiw-4402:testIamPermissions x-goog-quota-user=projects/aivo-4jxhn9zkzwiw-4402
[debug] [2026-02-18T04:32:20.737Z] >>> [apiv2][body] POST https://cloudresourcemanager.googleapis.com/v1/projects/aivo-4jxhn9zkzwiw-4402:testIamPermissions {"permissions":["cloudfunctions.functions.create","cloudfunctions.functions.delete","cloudfunctions.functions.get","cloudfunctions.functions.list","cloudfunctions.functions.update","cloudfunctions.operations.get","firebase.projects.get"]}
[debug] [2026-02-18T04:32:21.619Z] <<< [apiv2][status] POST https://cloudresourcemanager.googleapis.com/v1/projects/aivo-4jxhn9zkzwiw-4402:testIamPermissions 200
[debug] [2026-02-18T04:32:21.620Z] <<< [apiv2][body] POST https://cloudresourcemanager.googleapis.com/v1/projects/aivo-4jxhn9zkzwiw-4402:testIamPermissions {"permissions":["cloudfunctions.functions.create","cloudfunctions.functions.delete","cloudfunctions.functions.get","cloudfunctions.functions.list","cloudfunctions.functions.update","cloudfunctions.operations.get","firebase.projects.get"]}
[debug] [2026-02-18T04:32:21.621Z] No OAuth tokens found
[debug] [2026-02-18T04:32:21.621Z] >>> [apiv2][query] POST https://iam.googleapis.com/v1/projects/aivo-4jxhn9zkzwiw-4402/serviceAccounts/aivo-4jxhn9zkzwiw-4402@appspot.gserviceaccount.com:testIamPermissions [none]
[debug] [2026-02-18T04:32:21.621Z] >>> [apiv2][body] POST https://iam.googleapis.com/v1/projects/aivo-4jxhn9zkzwiw-4402/serviceAccounts/aivo-4jxhn9zkzwiw-4402@appspot.gserviceaccount.com:testIamPermissions {"permissions":["iam.serviceAccounts.actAs"]}
[debug] [2026-02-18T04:32:22.509Z] <<< [apiv2][status] POST https://iam.googleapis.com/v1/projects/aivo-4jxhn9zkzwiw-4402/serviceAccounts/aivo-4jxhn9zkzwiw-4402@appspot.gserviceaccount.com:testIamPermissions 200
[debug] [2026-02-18T04:32:22.509Z] <<< [apiv2][body] POST https://iam.googleapis.com/v1/projects/aivo-4jxhn9zkzwiw-4402/serviceAccounts/aivo-4jxhn9zkzwiw-4402@appspot.gserviceaccount.com:testIamPermissions {"permissions":["iam.serviceAccounts.actAs"]}
[info] 
[info] === Deploying to 'aivo-4jxhn9zkzwiw-4402'...
[info] 
[info] i  deploying functions 
[info] Running command: npm run build
[info] ✔  functions: Finished running predeploy script. 
[debug] [2026-02-18T04:32:23.780Z] No OAuth tokens found
[debug] [2026-02-18T04:32:23.780Z] >>> [apiv2][query] GET https://cloudresourcemanager.googleapis.com/v1/projects/aivo-4jxhn9zkzwiw-4402 [none]
[debug] [2026-02-18T04:32:23.986Z] <<< [apiv2][status] GET https://cloudresourcemanager.googleapis.com/v1/projects/aivo-4jxhn9zkzwiw-4402 200
[debug] [2026-02-18T04:32:23.986Z] <<< [apiv2][body] GET https://cloudresourcemanager.googleapis.com/v1/projects/aivo-4jxhn9zkzwiw-4402 {"projectNumber":"781811004685","projectId":"aivo-4jxhn9zkzwiw-4402","lifecycleState":"ACTIVE","name":"AIVO - aivo-4jxhn9zkzwiw-4402","labels":{"firebase":"enabled","firebase-core":"disabled"},"createTime":"2026-02-18T04:08:06.427336Z","parent":{"type":"organization","id":"283194625711"}}
[info] i  functions: preparing codebase default for deployment 
[info] i  functions: ensuring required API cloudfunctions.googleapis.com is enabled... 
[info] i  functions: ensuring required API cloudbuild.googleapis.com is enabled... 
[info] i  artifactregistry: ensuring required API artifactregistry.googleapis.com is enabled... 
[debug] [2026-02-18T04:32:23.988Z] No OAuth tokens found
[debug] [2026-02-18T04:32:23.988Z] >>> [apiv2][query] GET https://firebase.googleapis.com/v1beta1/projects/aivo-4jxhn9zkzwiw-4402/adminSdkConfig [none]
[debug] [2026-02-18T04:32:24.516Z] <<< [apiv2][status] GET https://firebase.googleapis.com/v1beta1/projects/aivo-4jxhn9zkzwiw-4402/adminSdkConfig 200
[debug] [2026-02-18T04:32:24.517Z] <<< [apiv2][body] GET https://firebase.googleapis.com/v1beta1/projects/aivo-4jxhn9zkzwiw-4402/adminSdkConfig {"projectId":"aivo-4jxhn9zkzwiw-4402","storageBucket":"aivo-4jxhn9zkzwiw-4402.firebasestorage.app"}
[debug] [2026-02-18T04:32:24.518Z] No OAuth tokens found
[debug] [2026-02-18T04:32:24.518Z] >>> [apiv2][query] GET https://runtimeconfig.googleapis.com/v1beta1/projects/aivo-4jxhn9zkzwiw-4402/configs [none]
[debug] [2026-02-18T04:32:24.848Z] <<< [apiv2][status] GET https://runtimeconfig.googleapis.com/v1beta1/projects/aivo-4jxhn9zkzwiw-4402/configs 200
[debug] [2026-02-18T04:32:24.849Z] <<< [apiv2][body] GET https://runtimeconfig.googleapis.com/v1beta1/projects/aivo-4jxhn9zkzwiw-4402/configs {}
[debug] [2026-02-18T04:32:24.850Z] Validating nodejs source
[warn] ⚠  functions: Runtime Node.js 20 will be deprecated on 2026-04-30 and will be decommissioned on 2026-10-30, after which you will not be able to deploy without upgrading. Consider upgrading now to avoid disruption. See https://cloud.google.com/functions/docs/runtime-support for full details on the lifecycle policy 
[warn] ⚠  functions: package.json indicates an outdated version of firebase-functions. Please upgrade using npm install --save firebase-functions@latest in your functions directory. 
[warn] ⚠  functions: Please note that there will be breaking changes when you upgrade. 
[debug] [2026-02-18T04:32:25.283Z] > [functions] package.json contents: {
  "name": "market-uy-backend",
  "version": "1.0.0",
  "description": "Backend API for Market Uy self-checkout ordering system",
  "main": "dist/index.js",
  "engines": {
    "node": "20"
  },
  "scripts": {
    "build": "tsc",
    "start": "node dist/index.js",
    "dev": "ts-node src/index.ts",
    "lint": "eslint src --ext .ts",
    "test": "jest"
  },
  "dependencies": {
    "cors": "^2.8.5",
    "dotenv": "^16.3.1",
    "express": "^4.18.2",
    "firebase-admin": "^12.0.0",
    "firebase-functions": "^5.0.1",
    "joi": "^17.11.0",
    "uuid": "^9.0.1"
  },
  "devDependencies": {
    "@types/cors": "^2.8.17",
    "@types/express": "^4.17.21",
    "@types/jest": "^29.5.11",
    "@types/node": "^20.10.6",
    "@types/supertest": "^6.0.3",
    "@types/uuid": "^10.0.0",
    "@typescript-eslint/eslint-plugin": "^6.17.0",
    "@typescript-eslint/parser": "^6.17.0",
    "eslint": "^8.56.0",
    "jest": "^29.7.0",
    "supertest": "^7.2.2",
    "ts-jest": "^29.1.1",
    "ts-node": "^10.9.2",
    "typescript": "^5.3.3"
  }
}
[debug] [2026-02-18T04:32:25.283Z] Building nodejs source
[info] i  functions: Loading and analyzing source code for codebase default to determine what to deploy 
[debug] [2026-02-18T04:32:25.284Z] Could not find functions.yaml. Must use http discovery
[debug] [2026-02-18T04:32:25.291Z] Found firebase-functions binary at '/private/tmp/aivo-projects/4JxhN9zKZwIWf3uWxgJd/backend/node_modules/.bin/firebase-functions'
[info] Serving at port 8092

[info] Firebase initialized successfully

[debug] [2026-02-18T04:32:25.457Z] Got response from /__/functions.yaml {"endpoints":{"api":{"availableMemoryMb":null,"timeoutSeconds":null,"minInstances":null,"maxInstances":null,"ingressSettings":null,"concurrency":null,"serviceAccountEmail":null,"vpc":null,"platform":"gcfv2","labels":{},"httpsTrigger":{},"entryPoint":"api"}},"specVersion":"v1alpha1","requiredAPIs":[],"extensions":{}}
[info] i  extensions: ensuring required API firebaseextensions.googleapis.com is enabled... 
[debug] [2026-02-18T04:32:29.478Z] > command requires scopes: ["email","openid","https://www.googleapis.com/auth/cloudplatformprojects.readonly","https://www.googleapis.com/auth/firebase","https://www.googleapis.com/auth/cloud-platform"]
[debug] [2026-02-18T04:32:29.478Z] Running auto auth
[debug] [2026-02-18T04:32:29.478Z] [iam] checking project aivo-4jxhn9zkzwiw-4402 for permissions ["firebase.projects.get","firebaseextensions.instances.list"]
[debug] [2026-02-18T04:32:29.478Z] No OAuth tokens found
[debug] [2026-02-18T04:32:29.479Z] >>> [apiv2][query] POST https://cloudresourcemanager.googleapis.com/v1/projects/aivo-4jxhn9zkzwiw-4402:testIamPermissions [none]
[debug] [2026-02-18T04:32:29.479Z] >>> [apiv2][(partial)header] POST https://cloudresourcemanager.googleapis.com/v1/projects/aivo-4jxhn9zkzwiw-4402:testIamPermissions x-goog-quota-user=projects/aivo-4jxhn9zkzwiw-4402
[debug] [2026-02-18T04:32:29.479Z] >>> [apiv2][body] POST https://cloudresourcemanager.googleapis.com/v1/projects/aivo-4jxhn9zkzwiw-4402:testIamPermissions {"permissions":["firebase.projects.get","firebaseextensions.instances.list"]}
[debug] [2026-02-18T04:32:30.348Z] <<< [apiv2][status] POST https://cloudresourcemanager.googleapis.com/v1/projects/aivo-4jxhn9zkzwiw-4402:testIamPermissions 200
[debug] [2026-02-18T04:32:30.349Z] <<< [apiv2][body] POST https://cloudresourcemanager.googleapis.com/v1/projects/aivo-4jxhn9zkzwiw-4402:testIamPermissions {"permissions":["firebase.projects.get","firebaseextensions.instances.list"]}
[debug] [2026-02-18T04:32:30.350Z] No OAuth tokens found
[debug] [2026-02-18T04:32:30.351Z] >>> [apiv2][query] GET https://firebaseextensions.googleapis.com/v1beta/projects/aivo-4jxhn9zkzwiw-4402/instances pageSize=100&pageToken=
[debug] [2026-02-18T04:32:31.407Z] <<< [apiv2][status] GET https://firebaseextensions.googleapis.com/v1beta/projects/aivo-4jxhn9zkzwiw-4402/instances 200
[debug] [2026-02-18T04:32:31.407Z] <<< [apiv2][body] GET https://firebaseextensions.googleapis.com/v1beta/projects/aivo-4jxhn9zkzwiw-4402/instances {}
[info] i  functions: preparing . directory for uploading... 
[info] i  functions: packaged /private/tmp/aivo-projects/4JxhN9zKZwIWf3uWxgJd/backend (139.38 KB) for uploading 
[debug] [2026-02-18T04:32:31.495Z] No OAuth tokens found
[debug] [2026-02-18T04:32:31.495Z] >>> [apiv2][query] GET https://cloudfunctions.googleapis.com/v1/projects/aivo-4jxhn9zkzwiw-4402/locations/-/functions [none]
[debug] [2026-02-18T04:32:32.445Z] <<< [apiv2][status] GET https://cloudfunctions.googleapis.com/v1/projects/aivo-4jxhn9zkzwiw-4402/locations/-/functions 200
[debug] [2026-02-18T04:32:32.445Z] <<< [apiv2][body] GET https://cloudfunctions.googleapis.com/v1/projects/aivo-4jxhn9zkzwiw-4402/locations/-/functions {}
[debug] [2026-02-18T04:32:32.446Z] No OAuth tokens found
[debug] [2026-02-18T04:32:32.447Z] >>> [apiv2][query] GET https://cloudfunctions.googleapis.com/v2/projects/aivo-4jxhn9zkzwiw-4402/locations/-/functions filter=environment%3D%22GEN_2%22
[debug] [2026-02-18T04:32:33.849Z] <<< [apiv2][status] GET https://cloudfunctions.googleapis.com/v2/projects/aivo-4jxhn9zkzwiw-4402/locations/-/functions 200
[debug] [2026-02-18T04:32:33.849Z] <<< [apiv2][body] GET https://cloudfunctions.googleapis.com/v2/projects/aivo-4jxhn9zkzwiw-4402/locations/-/functions {"functions":[{"name":"projects/aivo-4jxhn9zkzwiw-4402/locations/us-central1/functions/api","buildConfig":{"build":"projects/781811004685/locations/us-central1/builds/697823e7-7f09-45c8-a5f9-e66d739b0039","runtime":"nodejs20","entryPoint":"api","source":{"storageSource":{"bucket":"gcf-v2-sources-781811004685-us-central1","object":"api/function-source.zip","generation":"1771388425823406"}},"environmentVariables":{"GOOGLE_NODE_RUN_SCRIPTS":""},"dockerRepository":"projects/aivo-4jxhn9zkzwiw-4402/locations/us-central1/repositories/gcf-artifacts","sourceProvenance":{"resolvedStorageSource":{"bucket":"gcf-v2-sources-781811004685-us-central1","object":"api/function-source.zip","generation":"1771388425823406"}},"dockerRegistry":"ARTIFACT_REGISTRY","serviceAccount":"projects/aivo-4jxhn9zkzwiw-4402/serviceAccounts/781811004685-compute@developer.gserviceaccount.com","automaticUpdatePolicy":{}},"state":"FAILED","updateTime":"2026-02-18T04:21:10.856992858Z","labels":{"firebase-functions-hash":"9fedea269b88c3a2435db7b8ff233a19b6bfdf52","deployment-tool":"cli-firebase"},"stateMessages":[{"severity":"ERROR","type":"CloudRunServiceNotFound","message":"Cloud Run service projects/aivo-4jxhn9zkzwiw-4402/locations/us-central1/services/api for the function was not found. The function will not work correctly. Please redeploy."}],"environment":"GEN_2","url":"https://us-central1-aivo-4jxhn9zkzwiw-4402.cloudfunctions.net/api","createTime":"2026-02-18T04:20:26.657466396Z","satisfiesPzi":true}]}
[info] i  functions: ensuring required API run.googleapis.com is enabled... 
[info] i  functions: ensuring required API eventarc.googleapis.com is enabled... 
[info] i  functions: ensuring required API pubsub.googleapis.com is enabled... 
[info] i  functions: ensuring required API storage.googleapis.com is enabled... 
[info] i  functions: generating the service identity for pubsub.googleapis.com... 
[debug] [2026-02-18T04:32:33.855Z] No OAuth tokens found
[info] i  functions: generating the service identity for eventarc.googleapis.com... 
[debug] [2026-02-18T04:32:33.855Z] No OAuth tokens found
[debug] [2026-02-18T04:32:33.855Z] >>> [apiv2][query] POST https://serviceusage.googleapis.com/v1beta1/projects/781811004685/services/pubsub.googleapis.com:generateServiceIdentity [none]
[debug] [2026-02-18T04:32:33.855Z] >>> [apiv2][(partial)header] POST https://serviceusage.googleapis.com/v1beta1/projects/781811004685/services/pubsub.googleapis.com:generateServiceIdentity x-goog-quota-user=projects/781811004685
[debug] [2026-02-18T04:32:33.855Z] >>> [apiv2][body] POST https://serviceusage.googleapis.com/v1beta1/projects/781811004685/services/pubsub.googleapis.com:generateServiceIdentity {}
[debug] [2026-02-18T04:32:33.857Z] >>> [apiv2][query] POST https://serviceusage.googleapis.com/v1beta1/projects/781811004685/services/eventarc.googleapis.com:generateServiceIdentity [none]
[debug] [2026-02-18T04:32:33.857Z] >>> [apiv2][(partial)header] POST https://serviceusage.googleapis.com/v1beta1/projects/781811004685/services/eventarc.googleapis.com:generateServiceIdentity x-goog-quota-user=projects/781811004685
[debug] [2026-02-18T04:32:33.857Z] >>> [apiv2][body] POST https://serviceusage.googleapis.com/v1beta1/projects/781811004685/services/eventarc.googleapis.com:generateServiceIdentity {}
[debug] [2026-02-18T04:32:34.919Z] <<< [apiv2][status] POST https://serviceusage.googleapis.com/v1beta1/projects/781811004685/services/pubsub.googleapis.com:generateServiceIdentity 200
[debug] [2026-02-18T04:32:34.920Z] <<< [apiv2][body] POST https://serviceusage.googleapis.com/v1beta1/projects/781811004685/services/pubsub.googleapis.com:generateServiceIdentity {"name":"operations/finished.DONE_OPERATION","done":true,"response":{"@type":"type.googleapis.com/google.api.serviceusage.v1beta1.ServiceIdentity","email":"service-781811004685@gcp-sa-pubsub.iam.gserviceaccount.com","uniqueId":"103474511910076932089"}}
[debug] [2026-02-18T04:32:34.983Z] <<< [apiv2][status] POST https://serviceusage.googleapis.com/v1beta1/projects/781811004685/services/eventarc.googleapis.com:generateServiceIdentity 200
[debug] [2026-02-18T04:32:34.983Z] <<< [apiv2][body] POST https://serviceusage.googleapis.com/v1beta1/projects/781811004685/services/eventarc.googleapis.com:generateServiceIdentity {"name":"operations/finished.DONE_OPERATION","done":true,"response":{"@type":"type.googleapis.com/google.api.serviceusage.v1beta1.ServiceIdentity","email":"service-781811004685@gcp-sa-eventarc.iam.gserviceaccount.com","uniqueId":"106210261091979292001"}}
[debug] [2026-02-18T04:32:34.987Z] No OAuth tokens found
[debug] [2026-02-18T04:32:34.987Z] >>> [apiv2][query] GET https://cloudresourcemanager.googleapis.com/v1/projects/aivo-4jxhn9zkzwiw-4402 [none]
[debug] [2026-02-18T04:32:35.203Z] <<< [apiv2][status] GET https://cloudresourcemanager.googleapis.com/v1/projects/aivo-4jxhn9zkzwiw-4402 200
[debug] [2026-02-18T04:32:35.204Z] <<< [apiv2][body] GET https://cloudresourcemanager.googleapis.com/v1/projects/aivo-4jxhn9zkzwiw-4402 {"projectNumber":"781811004685","projectId":"aivo-4jxhn9zkzwiw-4402","lifecycleState":"ACTIVE","name":"AIVO - aivo-4jxhn9zkzwiw-4402","labels":{"firebase":"enabled","firebase-core":"disabled"},"createTime":"2026-02-18T04:08:06.427336Z","parent":{"type":"organization","id":"283194625711"}}
[debug] [2026-02-18T04:32:35.205Z] No OAuth tokens found
[debug] [2026-02-18T04:32:35.205Z] >>> [apiv2][query] GET https://compute.googleapis.com/compute/v1/projects/781811004685 [none]
[debug] [2026-02-18T04:32:35.999Z] <<< [apiv2][status] GET https://compute.googleapis.com/compute/v1/projects/781811004685 200
[debug] [2026-02-18T04:32:35.999Z] <<< [apiv2][body] GET https://compute.googleapis.com/compute/v1/projects/781811004685 {"kind":"compute#project","id":"7056946993447863203","creationTimestamp":"2026-02-17T20:17:16.852-08:00","name":"aivo-4jxhn9zkzwiw-4402","commonInstanceMetadata":{"kind":"compute#metadata","fingerprint":"qd1iZwPfUZ4="},"quotas":[{"metric":"SNAPSHOTS","limit":1000,"usage":0},{"metric":"NETWORKS","limit":5,"usage":1},{"metric":"FIREWALLS","limit":100,"usage":4},{"metric":"IMAGES","limit":100,"usage":0},{"metric":"STATIC_ADDRESSES","limit":8,"usage":0},{"metric":"ROUTES","limit":200,"usage":0},{"metric":"FORWARDING_RULES","limit":15,"usage":0},{"metric":"TARGET_POOLS","limit":50,"usage":0},{"metric":"HEALTH_CHECKS","limit":75,"usage":0},{"metric":"IN_USE_ADDRESSES","limit":4,"usage":0},{"metric":"TARGET_INSTANCES","limit":50,"usage":0},{"metric":"TARGET_HTTP_PROXIES","limit":10,"usage":0},{"metric":"URL_MAPS","limit":10,"usage":0},{"metric":"BACKEND_SERVICES","limit":50,"usage":0},{"metric":"INSTANCE_TEMPLATES","limit":100,"usage":0},{"metric":"TARGET_VPN_GATEWAYS","limit":5,"usage":0},{"metric":"VPN_TUNNELS","limit":10,"usage":0},{"metric":"BACKEND_BUCKETS","limit":3,"usage":0},{"metric":"ROUTERS","limit":10,"usage":0},{"metric":"TARGET_SSL_PROXIES","limit":10,"usage":0},{"metric":"TARGET_HTTPS_PROXIES","limit":10,"usage":0},{"metric":"SSL_CERTIFICATES","limit":10,"usage":0},{"metric":"SUBNETWORKS","limit":100,"usage":0},{"metric":"TARGET_TCP_PROXIES","limit":10,"usage":0},{"metric":"CPUS_ALL_REGIONS","limit":12,"usage":0},{"metric":"SECURITY_POLICIES","limit":0,"usage":0},{"metric":"SECURITY_POLICY_RULES","limit":0,"usage":0},{"metric":"XPN_SERVICE_PROJECTS","limit":1000,"usage":0},{"metric":"PACKET_MIRRORINGS","limit":20,"usage":0},{"metric":"NETWORK_ENDPOINT_GROUPS","limit":100,"usage":0},{"metric":"INTERCONNECTS","limit":6,"usage":0},{"metric":"SSL_POLICIES","limit":10,"usage":0},{"metric":"GLOBAL_INTERNAL_ADDRESSES","limit":5000,"usage":0},{"metric":"VPN_GATEWAYS","limit":5,"usage":0},{"metric":"MACHINE_IMAGES","limit":100,"usage":0},{"metric":"SECURITY_POLICY_CEVAL_RULES","limit":0,"usage":0},{"metric":"GPUS_ALL_REGIONS","limit":0,"usage":0},{"metric":"EXTERNAL_VPN_GATEWAYS","limit":5,"usage":0},{"metric":"PUBLIC_ADVERTISED_PREFIXES","limit":1,"usage":0},{"metric":"PUBLIC_DELEGATED_PREFIXES","limit":10,"usage":0},{"metric":"STATIC_BYOIP_ADDRESSES","limit":128,"usage":0},{"metric":"NETWORK_FIREWALL_POLICIES","limit":10,"usage":0},{"metric":"INTERNAL_TRAFFIC_DIRECTOR_FORWARDING_RULES","limit":15,"usage":0},{"metric":"GLOBAL_EXTERNAL_MANAGED_FORWARDING_RULES","limit":15,"usage":0},{"metric":"GLOBAL_INTERNAL_MANAGED_BACKEND_SERVICES","limit":50,"usage":0},{"metric":"GLOBAL_EXTERNAL_MANAGED_BACKEND_SERVICES","limit":50,"usage":0},{"metric":"GLOBAL_EXTERNAL_PROXY_LB_BACKEND_SERVICES","limit":50,"usage":0},{"metric":"GLOBAL_INTERNAL_TRAFFIC_DIRECTOR_BACKEND_SERVICES","limit":100,"usage":0}],"selfLink":"https://www.googleapis.com/compute/v1/projects/aivo-4jxhn9zkzwiw-4402","defaultServiceAccount":"781811004685-compute@developer.gserviceaccount.com","xpnProjectStatus":"UNSPECIFIED_XPN_PROJECT_STATUS","defaultNetworkTier":"PREMIUM","vmDnsSetting":"ZONAL_ONLY","cloudArmorTier":"CA_STANDARD"}
[debug] [2026-02-18T04:32:36.001Z] No OAuth tokens found
[debug] [2026-02-18T04:32:36.002Z] >>> [apiv2][query] GET https://cloudbilling.googleapis.com/v1/projects/aivo-4jxhn9zkzwiw-4402/billingInfo [none]
[debug] [2026-02-18T04:32:37.064Z] <<< [apiv2][status] GET https://cloudbilling.googleapis.com/v1/projects/aivo-4jxhn9zkzwiw-4402/billingInfo 200
[debug] [2026-02-18T04:32:37.064Z] <<< [apiv2][body] GET https://cloudbilling.googleapis.com/v1/projects/aivo-4jxhn9zkzwiw-4402/billingInfo {"name":"projects/aivo-4jxhn9zkzwiw-4402/billingInfo","projectId":"aivo-4jxhn9zkzwiw-4402","billingAccountName":"billingAccounts/01DF6E-0B7675-CA3239","billingEnabled":true}
[debug] [2026-02-18T04:32:37.068Z] No OAuth tokens found
[debug] [2026-02-18T04:32:37.068Z] >>> [apiv2][query] POST https://cloudfunctions.googleapis.com/v2/projects/aivo-4jxhn9zkzwiw-4402/locations/us-central1/functions:generateUploadUrl [none]
[debug] [2026-02-18T04:32:38.156Z] <<< [apiv2][status] POST https://cloudfunctions.googleapis.com/v2/projects/aivo-4jxhn9zkzwiw-4402/locations/us-central1/functions:generateUploadUrl 200
[debug] [2026-02-18T04:32:38.156Z] <<< [apiv2][body] POST https://cloudfunctions.googleapis.com/v2/projects/aivo-4jxhn9zkzwiw-4402/locations/us-central1/functions:generateUploadUrl {"uploadUrl":"https://storage.googleapis.com/gcf-v2-uploads-781811004685.us-central1.cloudfunctions.appspot.com/f8062293-8854-4fa5-a1dd-7722bd13720d.zip?GoogleAccessId=service-781811004685@gcf-admin-robot.iam.gserviceaccount.com&Expires=1771390958&Signature=SjMXmzgqhV%2B4DmH0usOCuKzG4ylkXJmAMMalAEemzpjJNtFaG2QkBo0zIcU3Kz59WVJC6XrLcAiARDs79dG8vPcPu0YOXfRtodUP77wFlyIBggpxwwFNW4QYAioHdrrtMVKdSD4X5qN13ufj0JHxAkS9RCJ%2F%2BdoR3plKyktgk59g%2BGAVnozkRllwgWVOdhKl95ApGD56SwC5tewqYN%2F4SLjUSaBJF6GB7eT8JH0AQgwyYuwaStiT%2F3FDmbOYzSMQ1V7lgzTRvNk111xcWq3p5FBSNF10g%2F%2F97jUjS0c3Q7Y11tV7rPWYNGbOn1q4yCu9BQ4%2FqC%2BthxlctlyzDbG1BA%3D%3D","storageSource":{"bucket":"gcf-v2-uploads-781811004685.us-central1.cloudfunctions.appspot.com","object":"f8062293-8854-4fa5-a1dd-7722bd13720d.zip"}}
[debug] [2026-02-18T04:32:38.157Z] >>> [apiv2][query] PUT https://storage.googleapis.com/gcf-v2-uploads-781811004685.us-central1.cloudfunctions.appspot.com/f8062293-8854-4fa5-a1dd-7722bd13720d.zip GoogleAccessId=service-781811004685%40gcf-admin-robot.iam.gserviceaccount.com&Expires=1771390958&Signature=SjMXmzgqhV%2B4DmH0usOCuKzG4ylkXJmAMMalAEemzpjJNtFaG2QkBo0zIcU3Kz59WVJC6XrLcAiARDs79dG8vPcPu0YOXfRtodUP77wFlyIBggpxwwFNW4QYAioHdrrtMVKdSD4X5qN13ufj0JHxAkS9RCJ%2F%2BdoR3plKyktgk59g%2BGAVnozkRllwgWVOdhKl95ApGD56SwC5tewqYN%2F4SLjUSaBJF6GB7eT8JH0AQgwyYuwaStiT%2F3FDmbOYzSMQ1V7lgzTRvNk111xcWq3p5FBSNF10g%2F%2F97jUjS0c3Q7Y11tV7rPWYNGbOn1q4yCu9BQ4%2FqC%2BthxlctlyzDbG1BA%3D%3D
[debug] [2026-02-18T04:32:38.157Z] >>> [apiv2][body] PUT https://storage.googleapis.com/gcf-v2-uploads-781811004685.us-central1.cloudfunctions.appspot.com/f8062293-8854-4fa5-a1dd-7722bd13720d.zip [stream]
[debug] [2026-02-18T04:32:39.069Z] <<< [apiv2][status] PUT https://storage.googleapis.com/gcf-v2-uploads-781811004685.us-central1.cloudfunctions.appspot.com/f8062293-8854-4fa5-a1dd-7722bd13720d.zip 200
[debug] [2026-02-18T04:32:39.070Z] <<< [apiv2][body] PUT https://storage.googleapis.com/gcf-v2-uploads-781811004685.us-central1.cloudfunctions.appspot.com/f8062293-8854-4fa5-a1dd-7722bd13720d.zip [omitted]
[info] ✔  functions: . source uploaded successfully 
[info] i  functions: updating Node.js 20 (2nd Gen) function api(us-central1)... 
[debug] [2026-02-18T04:32:39.077Z] No OAuth tokens found
[debug] [2026-02-18T04:32:39.077Z] >>> [apiv2][query] PATCH https://cloudfunctions.googleapis.com/v2/projects/aivo-4jxhn9zkzwiw-4402/locations/us-central1/functions/api updateMask=name%2CbuildConfig.runtime%2CbuildConfig.entryPoint%2CbuildConfig.source.storageSource.bucket%2CbuildConfig.source.storageSource.object%2CbuildConfig.environmentVariables%2CbuildConfig.sourceToken%2CserviceConfig.environmentVariables%2CserviceConfig.ingressSettings%2CserviceConfig.timeoutSeconds%2CserviceConfig.serviceAccountEmail%2CserviceConfig.availableMemory%2CserviceConfig.minInstanceCount%2CserviceConfig.maxInstanceCount%2CserviceConfig.maxInstanceRequestConcurrency%2CserviceConfig.availableCpu%2CserviceConfig.vpcConnector%2CserviceConfig.vpcConnectorEgressSettings%2Clabels
[debug] [2026-02-18T04:32:39.077Z] >>> [apiv2][body] PATCH https://cloudfunctions.googleapis.com/v2/projects/aivo-4jxhn9zkzwiw-4402/locations/us-central1/functions/api {"name":"projects/aivo-4jxhn9zkzwiw-4402/locations/us-central1/functions/api","buildConfig":{"runtime":"nodejs20","entryPoint":"api","source":{"storageSource":{"bucket":"gcf-v2-uploads-781811004685.us-central1.cloudfunctions.appspot.com","object":"f8062293-8854-4fa5-a1dd-7722bd13720d.zip"}},"environmentVariables":{"GOOGLE_NODE_RUN_SCRIPTS":""}},"serviceConfig":{"environmentVariables":{"FIREBASE_CONFIG":"{\"projectId\":\"aivo-4jxhn9zkzwiw-4402\",\"storageBucket\":\"aivo-4jxhn9zkzwiw-4402.firebasestorage.app\"}","GCLOUD_PROJECT":"aivo-4jxhn9zkzwiw-4402","EVENTARC_CLOUD_EVENT_SOURCE":"projects/aivo-4jxhn9zkzwiw-4402/locations/us-central1/services/api","FUNCTION_TARGET":"api","LOG_EXECUTION_ID":"true"},"ingressSettings":null,"timeoutSeconds":null,"serviceAccountEmail":null,"availableMemory":"256Mi","minInstanceCount":null,"maxInstanceCount":null,"maxInstanceRequestConcurrency":80,"availableCpu":"1","vpcConnector":null,"vpcConnectorEgressSettings":null},"labels":{"deployment-tool":"cli-firebase","firebase-functions-hash":"fefae053e47f938c777cd98d25d9b418ed890a88"}}
[debug] [2026-02-18T04:32:40.864Z] <<< [apiv2][status] PATCH https://cloudfunctions.googleapis.com/v2/projects/aivo-4jxhn9zkzwiw-4402/locations/us-central1/functions/api 200
[debug] [2026-02-18T04:32:40.865Z] <<< [apiv2][body] PATCH https://cloudfunctions.googleapis.com/v2/projects/aivo-4jxhn9zkzwiw-4402/locations/us-central1/functions/api {"name":"projects/aivo-4jxhn9zkzwiw-4402/locations/us-central1/operations/operation-1771389159938-64b11ada318f2-e90d1e56-798f1c7a","metadata":{"@type":"type.googleapis.com/google.cloud.functions.v2.OperationMetadata","createTime":"2026-02-18T04:32:40.771785980Z","target":"projects/aivo-4jxhn9zkzwiw-4402/locations/us-central1/functions/api","verb":"update","cancelRequested":false,"apiVersion":"v2"},"done":false}
[debug] [2026-02-18T04:32:40.866Z] No OAuth tokens found
[debug] [2026-02-18T04:32:40.867Z] >>> [apiv2][query] GET https://cloudfunctions.googleapis.com/v2/projects/aivo-4jxhn9zkzwiw-4402/locations/us-central1/operations/operation-1771389159938-64b11ada318f2-e90d1e56-798f1c7a [none]
[debug] [2026-02-18T04:32:41.907Z] <<< [apiv2][status] GET https://cloudfunctions.googleapis.com/v2/projects/aivo-4jxhn9zkzwiw-4402/locations/us-central1/operations/operation-1771389159938-64b11ada318f2-e90d1e56-798f1c7a 200
[debug] [2026-02-18T04:32:41.907Z] <<< [apiv2][body] GET https://cloudfunctions.googleapis.com/v2/projects/aivo-4jxhn9zkzwiw-4402/locations/us-central1/operations/operation-1771389159938-64b11ada318f2-e90d1e56-798f1c7a {"name":"projects/aivo-4jxhn9zkzwiw-4402/locations/us-central1/operations/operation-1771389159938-64b11ada318f2-e90d1e56-798f1c7a","metadata":{"@type":"type.googleapis.com/google.cloud.functions.v2.OperationMetadata","createTime":"2026-02-18T04:32:40.771785980Z","target":"projects/aivo-4jxhn9zkzwiw-4402/locations/us-central1/functions/api","verb":"update","cancelRequested":false,"apiVersion":"v2","requestResource":{"@type":"type.googleapis.com/google.cloud.functions.v2.Function","name":"projects/aivo-4jxhn9zkzwiw-4402/locations/us-central1/functions/api","buildConfig":{"runtime":"nodejs20","entryPoint":"api","source":{"storageSource":{"bucket":"gcf-v2-sources-781811004685-us-central1","object":"api/function-source.zip","generation":"1771389160719997"}},"environmentVariables":{"GOOGLE_NODE_RUN_SCRIPTS":""},"dockerRepository":"projects/aivo-4jxhn9zkzwiw-4402/locations/us-central1/repositories/gcf-artifacts","sourceProvenance":{"resolvedStorageSource":{"bucket":"gcf-v2-sources-781811004685-us-central1","object":"api/function-source.zip","generation":"1771388425823406"}},"dockerRegistry":"ARTIFACT_REGISTRY","serviceAccount":"projects/aivo-4jxhn9zkzwiw-4402/serviceAccounts/781811004685-compute@developer.gserviceaccount.com","automaticUpdatePolicy":{}},"serviceConfig":{"service":"projects/aivo-4jxhn9zkzwiw-4402/locations/us-central1/services/api","timeoutSeconds":60,"environmentVariables":{"FIREBASE_CONFIG":"{\"projectId\":\"aivo-4jxhn9zkzwiw-4402\",\"storageBucket\":\"aivo-4jxhn9zkzwiw-4402.firebasestorage.app\"}","GCLOUD_PROJECT":"aivo-4jxhn9zkzwiw-4402","EVENTARC_CLOUD_EVENT_SOURCE":"projects/aivo-4jxhn9zkzwiw-4402/locations/us-central1/services/api","FUNCTION_TARGET":"api","LOG_EXECUTION_ID":"true"},"ingressSettings":"ALLOW_ALL","serviceAccountEmail":"781811004685-compute@developer.gserviceaccount.com","availableMemory":"256Mi","maxInstanceRequestConcurrency":80,"availableCpu":"1"},"state":"FAILED","labels":{"firebase-functions-hash":"fefae053e47f938c777cd98d25d9b418ed890a88"},"stateMessages":[{"severity":"ERROR","type":"CloudRunServiceNotFound","message":"Cloud Run service projects/aivo-4jxhn9zkzwiw-4402/locations/us-central1/services/api for the function was not found. The function will not work correctly. Please redeploy."}],"environment":"GEN_2","url":"https://us-central1-aivo-4jxhn9zkzwiw-4402.cloudfunctions.net/api","satisfiesPzi":true},"stages":[{"name":"BUILD","message":"Build in progress","state":"IN_PROGRESS","resource":"projects/781811004685/locations/us-central1/builds/cdb235f4-777f-4841-a750-af7ab2bcf3b3","resourceUri":"https://console.cloud.google.com/cloud-build/builds;region=us-central1/cdb235f4-777f-4841-a750-af7ab2bcf3b3?project=781811004685"},{"name":"SERVICE","state":"NOT_STARTED"}],"operationType":"UPDATE_FUNCTION","buildName":"projects/781811004685/locations/us-central1/builds/cdb235f4-777f-4841-a750-af7ab2bcf3b3"},"done":false}
[debug] [2026-02-18T04:32:42.410Z] [update-default-us-central1-api] Retrying task index 0
[debug] [2026-02-18T04:32:42.411Z] No OAuth tokens found
[debug] [2026-02-18T04:32:42.411Z] >>> [apiv2][query] GET https://cloudfunctions.googleapis.com/v2/projects/aivo-4jxhn9zkzwiw-4402/locations/us-central1/operations/operation-1771389159938-64b11ada318f2-e90d1e56-798f1c7a [none]
[debug] [2026-02-18T04:32:43.362Z] <<< [apiv2][status] GET https://cloudfunctions.googleapis.com/v2/projects/aivo-4jxhn9zkzwiw-4402/locations/us-central1/operations/operation-1771389159938-64b11ada318f2-e90d1e56-798f1c7a 200
[debug] [2026-02-18T04:32:43.362Z] <<< [apiv2][body] GET https://cloudfunctions.googleapis.com/v2/projects/aivo-4jxhn9zkzwiw-4402/locations/us-central1/operations/operation-1771389159938-64b11ada318f2-e90d1e56-798f1c7a {"name":"projects/aivo-4jxhn9zkzwiw-4402/locations/us-central1/operations/operation-1771389159938-64b11ada318f2-e90d1e56-798f1c7a","metadata":{"@type":"type.googleapis.com/google.cloud.functions.v2.OperationMetadata","createTime":"2026-02-18T04:32:40.771785980Z","target":"projects/aivo-4jxhn9zkzwiw-4402/locations/us-central1/functions/api","verb":"update","cancelRequested":false,"apiVersion":"v2","requestResource":{"@type":"type.googleapis.com/google.cloud.functions.v2.Function","name":"projects/aivo-4jxhn9zkzwiw-4402/locations/us-central1/functions/api","buildConfig":{"runtime":"nodejs20","entryPoint":"api","source":{"storageSource":{"bucket":"gcf-v2-sources-781811004685-us-central1","object":"api/function-source.zip","generation":"1771389160719997"}},"environmentVariables":{"GOOGLE_NODE_RUN_SCRIPTS":""},"dockerRepository":"projects/aivo-4jxhn9zkzwiw-4402/locations/us-central1/repositories/gcf-artifacts","sourceProvenance":{"resolvedStorageSource":{"bucket":"gcf-v2-sources-781811004685-us-central1","object":"api/function-source.zip","generation":"1771388425823406"}},"dockerRegistry":"ARTIFACT_REGISTRY","serviceAccount":"projects/aivo-4jxhn9zkzwiw-4402/serviceAccounts/781811004685-compute@developer.gserviceaccount.com","automaticUpdatePolicy":{}},"serviceConfig":{"service":"projects/aivo-4jxhn9zkzwiw-4402/locations/us-central1/services/api","timeoutSeconds":60,"environmentVariables":{"FIREBASE_CONFIG":"{\"projectId\":\"aivo-4jxhn9zkzwiw-4402\",\"storageBucket\":\"aivo-4jxhn9zkzwiw-4402.firebasestorage.app\"}","GCLOUD_PROJECT":"aivo-4jxhn9zkzwiw-4402","EVENTARC_CLOUD_EVENT_SOURCE":"projects/aivo-4jxhn9zkzwiw-4402/locations/us-central1/services/api","FUNCTION_TARGET":"api","LOG_EXECUTION_ID":"true"},"ingressSettings":"ALLOW_ALL","serviceAccountEmail":"781811004685-compute@developer.gserviceaccount.com","availableMemory":"256Mi","maxInstanceRequestConcurrency":80,"availableCpu":"1"},"state":"FAILED","labels":{"firebase-functions-hash":"fefae053e47f938c777cd98d25d9b418ed890a88"},"stateMessages":[{"severity":"ERROR","type":"CloudRunServiceNotFound","message":"Cloud Run service projects/aivo-4jxhn9zkzwiw-4402/locations/us-central1/services/api for the function was not found. The function will not work correctly. Please redeploy."}],"environment":"GEN_2","url":"https://us-central1-aivo-4jxhn9zkzwiw-4402.cloudfunctions.net/api","satisfiesPzi":true},"stages":[{"name":"BUILD","message":"Build in progress","state":"IN_PROGRESS","resource":"projects/781811004685/locations/us-central1/builds/cdb235f4-777f-4841-a750-af7ab2bcf3b3","resourceUri":"https://console.cloud.google.com/cloud-build/builds;region=us-central1/cdb235f4-777f-4841-a750-af7ab2bcf3b3?project=781811004685"},{"name":"SERVICE","state":"NOT_STARTED"}],"operationType":"UPDATE_FUNCTION","buildName":"projects/781811004685/locations/us-central1/builds/cdb235f4-777f-4841-a750-af7ab2bcf3b3"},"done":false}
[debug] [2026-02-18T04:32:44.364Z] [update-default-us-central1-api] Retrying task index 0
[debug] [2026-02-18T04:32:44.366Z] No OAuth tokens found
[debug] [2026-02-18T04:32:44.366Z] >>> [apiv2][query] GET https://cloudfunctions.googleapis.com/v2/projects/aivo-4jxhn9zkzwiw-4402/locations/us-central1/operations/operation-1771389159938-64b11ada318f2-e90d1e56-798f1c7a [none]
[debug] [2026-02-18T04:32:45.363Z] <<< [apiv2][status] GET https://cloudfunctions.googleapis.com/v2/projects/aivo-4jxhn9zkzwiw-4402/locations/us-central1/operations/operation-1771389159938-64b11ada318f2-e90d1e56-798f1c7a 200
[debug] [2026-02-18T04:32:45.363Z] <<< [apiv2][body] GET https://cloudfunctions.googleapis.com/v2/projects/aivo-4jxhn9zkzwiw-4402/locations/us-central1/operations/operation-1771389159938-64b11ada318f2-e90d1e56-798f1c7a {"name":"projects/aivo-4jxhn9zkzwiw-4402/locations/us-central1/operations/operation-1771389159938-64b11ada318f2-e90d1e56-798f1c7a","metadata":{"@type":"type.googleapis.com/google.cloud.functions.v2.OperationMetadata","createTime":"2026-02-18T04:32:40.771785980Z","target":"projects/aivo-4jxhn9zkzwiw-4402/locations/us-central1/functions/api","verb":"update","cancelRequested":false,"apiVersion":"v2","requestResource":{"@type":"type.googleapis.com/google.cloud.functions.v2.Function","name":"projects/aivo-4jxhn9zkzwiw-4402/locations/us-central1/functions/api","buildConfig":{"runtime":"nodejs20","entryPoint":"api","source":{"storageSource":{"bucket":"gcf-v2-sources-781811004685-us-central1","object":"api/function-source.zip","generation":"1771389160719997"}},"environmentVariables":{"GOOGLE_NODE_RUN_SCRIPTS":""},"dockerRepository":"projects/aivo-4jxhn9zkzwiw-4402/locations/us-central1/repositories/gcf-artifacts","sourceProvenance":{"resolvedStorageSource":{"bucket":"gcf-v2-sources-781811004685-us-central1","object":"api/function-source.zip","generation":"1771388425823406"}},"dockerRegistry":"ARTIFACT_REGISTRY","serviceAccount":"projects/aivo-4jxhn9zkzwiw-4402/serviceAccounts/781811004685-compute@developer.gserviceaccount.com","automaticUpdatePolicy":{}},"serviceConfig":{"service":"projects/aivo-4jxhn9zkzwiw-4402/locations/us-central1/services/api","timeoutSeconds":60,"environmentVariables":{"FIREBASE_CONFIG":"{\"projectId\":\"aivo-4jxhn9zkzwiw-4402\",\"storageBucket\":\"aivo-4jxhn9zkzwiw-4402.firebasestorage.app\"}","GCLOUD_PROJECT":"aivo-4jxhn9zkzwiw-4402","EVENTARC_CLOUD_EVENT_SOURCE":"projects/aivo-4jxhn9zkzwiw-4402/locations/us-central1/services/api","FUNCTION_TARGET":"api","LOG_EXECUTION_ID":"true"},"ingressSettings":"ALLOW_ALL","serviceAccountEmail":"781811004685-compute@developer.gserviceaccount.com","availableMemory":"256Mi","maxInstanceRequestConcurrency":80,"availableCpu":"1"},"state":"FAILED","labels":{"firebase-functions-hash":"fefae053e47f938c777cd98d25d9b418ed890a88"},"stateMessages":[{"severity":"ERROR","type":"CloudRunServiceNotFound","message":"Cloud Run service projects/aivo-4jxhn9zkzwiw-4402/locations/us-central1/services/api for the function was not found. The function will not work correctly. Please redeploy."}],"environment":"GEN_2","url":"https://us-central1-aivo-4jxhn9zkzwiw-4402.cloudfunctions.net/api","satisfiesPzi":true},"stages":[{"name":"BUILD","message":"Build in progress","state":"IN_PROGRESS","resource":"projects/781811004685/locations/us-central1/builds/cdb235f4-777f-4841-a750-af7ab2bcf3b3","resourceUri":"https://console.cloud.google.com/cloud-build/builds;region=us-central1/cdb235f4-777f-4841-a750-af7ab2bcf3b3?project=781811004685"},{"name":"SERVICE","state":"NOT_STARTED"}],"operationType":"UPDATE_FUNCTION","buildName":"projects/781811004685/locations/us-central1/builds/cdb235f4-777f-4841-a750-af7ab2bcf3b3"},"done":false}
[debug] [2026-02-18T04:32:47.365Z] [update-default-us-central1-api] Retrying task index 0
[debug] [2026-02-18T04:32:47.366Z] No OAuth tokens found
[debug] [2026-02-18T04:32:47.366Z] >>> [apiv2][query] GET https://cloudfunctions.googleapis.com/v2/projects/aivo-4jxhn9zkzwiw-4402/locations/us-central1/operations/operation-1771389159938-64b11ada318f2-e90d1e56-798f1c7a [none]
[debug] [2026-02-18T04:32:48.305Z] <<< [apiv2][status] GET https://cloudfunctions.googleapis.com/v2/projects/aivo-4jxhn9zkzwiw-4402/locations/us-central1/operations/operation-1771389159938-64b11ada318f2-e90d1e56-798f1c7a 200
[debug] [2026-02-18T04:32:48.306Z] <<< [apiv2][body] GET https://cloudfunctions.googleapis.com/v2/projects/aivo-4jxhn9zkzwiw-4402/locations/us-central1/operations/operation-1771389159938-64b11ada318f2-e90d1e56-798f1c7a {"name":"projects/aivo-4jxhn9zkzwiw-4402/locations/us-central1/operations/operation-1771389159938-64b11ada318f2-e90d1e56-798f1c7a","metadata":{"@type":"type.googleapis.com/google.cloud.functions.v2.OperationMetadata","createTime":"2026-02-18T04:32:40.771785980Z","target":"projects/aivo-4jxhn9zkzwiw-4402/locations/us-central1/functions/api","verb":"update","cancelRequested":false,"apiVersion":"v2","requestResource":{"@type":"type.googleapis.com/google.cloud.functions.v2.Function","name":"projects/aivo-4jxhn9zkzwiw-4402/locations/us-central1/functions/api","buildConfig":{"runtime":"nodejs20","entryPoint":"api","source":{"storageSource":{"bucket":"gcf-v2-sources-781811004685-us-central1","object":"api/function-source.zip","generation":"1771389160719997"}},"environmentVariables":{"GOOGLE_NODE_RUN_SCRIPTS":""},"dockerRepository":"projects/aivo-4jxhn9zkzwiw-4402/locations/us-central1/repositories/gcf-artifacts","sourceProvenance":{"resolvedStorageSource":{"bucket":"gcf-v2-sources-781811004685-us-central1","object":"api/function-source.zip","generation":"1771388425823406"}},"dockerRegistry":"ARTIFACT_REGISTRY","serviceAccount":"projects/aivo-4jxhn9zkzwiw-4402/serviceAccounts/781811004685-compute@developer.gserviceaccount.com","automaticUpdatePolicy":{}},"serviceConfig":{"service":"projects/aivo-4jxhn9zkzwiw-4402/locations/us-central1/services/api","timeoutSeconds":60,"environmentVariables":{"FIREBASE_CONFIG":"{\"projectId\":\"aivo-4jxhn9zkzwiw-4402\",\"storageBucket\":\"aivo-4jxhn9zkzwiw-4402.firebasestorage.app\"}","GCLOUD_PROJECT":"aivo-4jxhn9zkzwiw-4402","EVENTARC_CLOUD_EVENT_SOURCE":"projects/aivo-4jxhn9zkzwiw-4402/locations/us-central1/services/api","FUNCTION_TARGET":"api","LOG_EXECUTION_ID":"true"},"ingressSettings":"ALLOW_ALL","serviceAccountEmail":"781811004685-compute@developer.gserviceaccount.com","availableMemory":"256Mi","maxInstanceRequestConcurrency":80,"availableCpu":"1"},"state":"FAILED","labels":{"firebase-functions-hash":"fefae053e47f938c777cd98d25d9b418ed890a88"},"stateMessages":[{"severity":"ERROR","type":"CloudRunServiceNotFound","message":"Cloud Run service projects/aivo-4jxhn9zkzwiw-4402/locations/us-central1/services/api for the function was not found. The function will not work correctly. Please redeploy."}],"environment":"GEN_2","url":"https://us-central1-aivo-4jxhn9zkzwiw-4402.cloudfunctions.net/api","satisfiesPzi":true},"stages":[{"name":"BUILD","message":"Build in progress","state":"IN_PROGRESS","resource":"projects/781811004685/locations/us-central1/builds/cdb235f4-777f-4841-a750-af7ab2bcf3b3","resourceUri":"https://console.cloud.google.com/cloud-build/builds;region=us-central1/cdb235f4-777f-4841-a750-af7ab2bcf3b3?project=781811004685"},{"name":"SERVICE","state":"NOT_STARTED"}],"operationType":"UPDATE_FUNCTION","buildName":"projects/781811004685/locations/us-central1/builds/cdb235f4-777f-4841-a750-af7ab2bcf3b3"},"done":false}
[debug] [2026-02-18T04:32:52.307Z] [update-default-us-central1-api] Retrying task index 0
[debug] [2026-02-18T04:32:52.308Z] No OAuth tokens found
[debug] [2026-02-18T04:32:52.309Z] >>> [apiv2][query] GET https://cloudfunctions.googleapis.com/v2/projects/aivo-4jxhn9zkzwiw-4402/locations/us-central1/operations/operation-1771389159938-64b11ada318f2-e90d1e56-798f1c7a [none]
[debug] [2026-02-18T04:32:53.245Z] <<< [apiv2][status] GET https://cloudfunctions.googleapis.com/v2/projects/aivo-4jxhn9zkzwiw-4402/locations/us-central1/operations/operation-1771389159938-64b11ada318f2-e90d1e56-798f1c7a 200
[debug] [2026-02-18T04:32:53.245Z] <<< [apiv2][body] GET https://cloudfunctions.googleapis.com/v2/projects/aivo-4jxhn9zkzwiw-4402/locations/us-central1/operations/operation-1771389159938-64b11ada318f2-e90d1e56-798f1c7a {"name":"projects/aivo-4jxhn9zkzwiw-4402/locations/us-central1/operations/operation-1771389159938-64b11ada318f2-e90d1e56-798f1c7a","metadata":{"@type":"type.googleapis.com/google.cloud.functions.v2.OperationMetadata","createTime":"2026-02-18T04:32:40.771785980Z","target":"projects/aivo-4jxhn9zkzwiw-4402/locations/us-central1/functions/api","verb":"update","cancelRequested":false,"apiVersion":"v2","requestResource":{"@type":"type.googleapis.com/google.cloud.functions.v2.Function","name":"projects/aivo-4jxhn9zkzwiw-4402/locations/us-central1/functions/api","buildConfig":{"runtime":"nodejs20","entryPoint":"api","source":{"storageSource":{"bucket":"gcf-v2-sources-781811004685-us-central1","object":"api/function-source.zip","generation":"1771389160719997"}},"environmentVariables":{"GOOGLE_NODE_RUN_SCRIPTS":""},"dockerRepository":"projects/aivo-4jxhn9zkzwiw-4402/locations/us-central1/repositories/gcf-artifacts","sourceProvenance":{"resolvedStorageSource":{"bucket":"gcf-v2-sources-781811004685-us-central1","object":"api/function-source.zip","generation":"1771388425823406"}},"dockerRegistry":"ARTIFACT_REGISTRY","serviceAccount":"projects/aivo-4jxhn9zkzwiw-4402/serviceAccounts/781811004685-compute@developer.gserviceaccount.com","automaticUpdatePolicy":{}},"serviceConfig":{"service":"projects/aivo-4jxhn9zkzwiw-4402/locations/us-central1/services/api","timeoutSeconds":60,"environmentVariables":{"FIREBASE_CONFIG":"{\"projectId\":\"aivo-4jxhn9zkzwiw-4402\",\"storageBucket\":\"aivo-4jxhn9zkzwiw-4402.firebasestorage.app\"}","GCLOUD_PROJECT":"aivo-4jxhn9zkzwiw-4402","EVENTARC_CLOUD_EVENT_SOURCE":"projects/aivo-4jxhn9zkzwiw-4402/locations/us-central1/services/api","FUNCTION_TARGET":"api","LOG_EXECUTION_ID":"true"},"ingressSettings":"ALLOW_ALL","serviceAccountEmail":"781811004685-compute@developer.gserviceaccount.com","availableMemory":"256Mi","maxInstanceRequestConcurrency":80,"availableCpu":"1"},"state":"FAILED","labels":{"firebase-functions-hash":"fefae053e47f938c777cd98d25d9b418ed890a88"},"stateMessages":[{"severity":"ERROR","type":"CloudRunServiceNotFound","message":"Cloud Run service projects/aivo-4jxhn9zkzwiw-4402/locations/us-central1/services/api for the function was not found. The function will not work correctly. Please redeploy."}],"environment":"GEN_2","url":"https://us-central1-aivo-4jxhn9zkzwiw-4402.cloudfunctions.net/api","satisfiesPzi":true},"stages":[{"name":"BUILD","message":"Build in progress","state":"IN_PROGRESS","resource":"projects/781811004685/locations/us-central1/builds/cdb235f4-777f-4841-a750-af7ab2bcf3b3","resourceUri":"https://console.cloud.google.com/cloud-build/builds;region=us-central1/cdb235f4-777f-4841-a750-af7ab2bcf3b3?project=781811004685"},{"name":"SERVICE","state":"NOT_STARTED"}],"operationType":"UPDATE_FUNCTION","buildName":"projects/781811004685/locations/us-central1/builds/cdb235f4-777f-4841-a750-af7ab2bcf3b3"},"done":false}
[debug] [2026-02-18T04:33:01.246Z] [update-default-us-central1-api] Retrying task index 0
[debug] [2026-02-18T04:33:01.248Z] No OAuth tokens found
[debug] [2026-02-18T04:33:01.248Z] >>> [apiv2][query] GET https://cloudfunctions.googleapis.com/v2/projects/aivo-4jxhn9zkzwiw-4402/locations/us-central1/operations/operation-1771389159938-64b11ada318f2-e90d1e56-798f1c7a [none]
[debug] [2026-02-18T04:33:02.316Z] <<< [apiv2][status] GET https://cloudfunctions.googleapis.com/v2/projects/aivo-4jxhn9zkzwiw-4402/locations/us-central1/operations/operation-1771389159938-64b11ada318f2-e90d1e56-798f1c7a 200
[debug] [2026-02-18T04:33:02.316Z] <<< [apiv2][body] GET https://cloudfunctions.googleapis.com/v2/projects/aivo-4jxhn9zkzwiw-4402/locations/us-central1/operations/operation-1771389159938-64b11ada318f2-e90d1e56-798f1c7a {"name":"projects/aivo-4jxhn9zkzwiw-4402/locations/us-central1/operations/operation-1771389159938-64b11ada318f2-e90d1e56-798f1c7a","metadata":{"@type":"type.googleapis.com/google.cloud.functions.v2.OperationMetadata","createTime":"2026-02-18T04:32:40.771785980Z","target":"projects/aivo-4jxhn9zkzwiw-4402/locations/us-central1/functions/api","verb":"update","cancelRequested":false,"apiVersion":"v2","requestResource":{"@type":"type.googleapis.com/google.cloud.functions.v2.Function","name":"projects/aivo-4jxhn9zkzwiw-4402/locations/us-central1/functions/api","buildConfig":{"runtime":"nodejs20","entryPoint":"api","source":{"storageSource":{"bucket":"gcf-v2-sources-781811004685-us-central1","object":"api/function-source.zip","generation":"1771389160719997"}},"environmentVariables":{"GOOGLE_NODE_RUN_SCRIPTS":""},"dockerRepository":"projects/aivo-4jxhn9zkzwiw-4402/locations/us-central1/repositories/gcf-artifacts","sourceProvenance":{"resolvedStorageSource":{"bucket":"gcf-v2-sources-781811004685-us-central1","object":"api/function-source.zip","generation":"1771388425823406"}},"dockerRegistry":"ARTIFACT_REGISTRY","serviceAccount":"projects/aivo-4jxhn9zkzwiw-4402/serviceAccounts/781811004685-compute@developer.gserviceaccount.com","automaticUpdatePolicy":{}},"serviceConfig":{"service":"projects/aivo-4jxhn9zkzwiw-4402/locations/us-central1/services/api","timeoutSeconds":60,"environmentVariables":{"FIREBASE_CONFIG":"{\"projectId\":\"aivo-4jxhn9zkzwiw-4402\",\"storageBucket\":\"aivo-4jxhn9zkzwiw-4402.firebasestorage.app\"}","GCLOUD_PROJECT":"aivo-4jxhn9zkzwiw-4402","EVENTARC_CLOUD_EVENT_SOURCE":"projects/aivo-4jxhn9zkzwiw-4402/locations/us-central1/services/api","FUNCTION_TARGET":"api","LOG_EXECUTION_ID":"true"},"ingressSettings":"ALLOW_ALL","serviceAccountEmail":"781811004685-compute@developer.gserviceaccount.com","availableMemory":"256Mi","maxInstanceRequestConcurrency":80,"availableCpu":"1"},"state":"FAILED","labels":{"firebase-functions-hash":"fefae053e47f938c777cd98d25d9b418ed890a88"},"stateMessages":[{"severity":"ERROR","type":"CloudRunServiceNotFound","message":"Cloud Run service projects/aivo-4jxhn9zkzwiw-4402/locations/us-central1/services/api for the function was not found. The function will not work correctly. Please redeploy."}],"environment":"GEN_2","url":"https://us-central1-aivo-4jxhn9zkzwiw-4402.cloudfunctions.net/api","satisfiesPzi":true},"stages":[{"name":"BUILD","message":"Build in progress","state":"IN_PROGRESS","resource":"projects/781811004685/locations/us-central1/builds/cdb235f4-777f-4841-a750-af7ab2bcf3b3","resourceUri":"https://console.cloud.google.com/cloud-build/builds;region=us-central1/cdb235f4-777f-4841-a750-af7ab2bcf3b3?project=781811004685"},{"name":"SERVICE","state":"NOT_STARTED"}],"operationType":"UPDATE_FUNCTION","buildName":"projects/781811004685/locations/us-central1/builds/cdb235f4-777f-4841-a750-af7ab2bcf3b3"},"done":false}
[debug] [2026-02-18T04:33:12.316Z] [update-default-us-central1-api] Retrying task index 0
[debug] [2026-02-18T04:33:12.318Z] No OAuth tokens found
[debug] [2026-02-18T04:33:12.318Z] >>> [apiv2][query] GET https://cloudfunctions.googleapis.com/v2/projects/aivo-4jxhn9zkzwiw-4402/locations/us-central1/operations/operation-1771389159938-64b11ada318f2-e90d1e56-798f1c7a [none]
[debug] [2026-02-18T04:33:13.477Z] <<< [apiv2][status] GET https://cloudfunctions.googleapis.com/v2/projects/aivo-4jxhn9zkzwiw-4402/locations/us-central1/operations/operation-1771389159938-64b11ada318f2-e90d1e56-798f1c7a 200
[debug] [2026-02-18T04:33:13.477Z] <<< [apiv2][body] GET https://cloudfunctions.googleapis.com/v2/projects/aivo-4jxhn9zkzwiw-4402/locations/us-central1/operations/operation-1771389159938-64b11ada318f2-e90d1e56-798f1c7a {"name":"projects/aivo-4jxhn9zkzwiw-4402/locations/us-central1/operations/operation-1771389159938-64b11ada318f2-e90d1e56-798f1c7a","metadata":{"@type":"type.googleapis.com/google.cloud.functions.v2.OperationMetadata","createTime":"2026-02-18T04:32:40.771785980Z","endTime":"2026-02-18T04:33:09.938811144Z","target":"projects/aivo-4jxhn9zkzwiw-4402/locations/us-central1/functions/api","verb":"update","cancelRequested":false,"apiVersion":"v2","requestResource":{"@type":"type.googleapis.com/google.cloud.functions.v2.Function","name":"projects/aivo-4jxhn9zkzwiw-4402/locations/us-central1/functions/api","buildConfig":{"runtime":"nodejs20","entryPoint":"api","source":{"storageSource":{"bucket":"gcf-v2-sources-781811004685-us-central1","object":"api/function-source.zip","generation":"1771389160719997"}},"environmentVariables":{"GOOGLE_NODE_RUN_SCRIPTS":""},"dockerRepository":"projects/aivo-4jxhn9zkzwiw-4402/locations/us-central1/repositories/gcf-artifacts","sourceProvenance":{"resolvedStorageSource":{"bucket":"gcf-v2-sources-781811004685-us-central1","object":"api/function-source.zip","generation":"1771388425823406"}},"dockerRegistry":"ARTIFACT_REGISTRY","serviceAccount":"projects/aivo-4jxhn9zkzwiw-4402/serviceAccounts/781811004685-compute@developer.gserviceaccount.com","automaticUpdatePolicy":{}},"serviceConfig":{"service":"projects/aivo-4jxhn9zkzwiw-4402/locations/us-central1/services/api","timeoutSeconds":60,"environmentVariables":{"FIREBASE_CONFIG":"{\"projectId\":\"aivo-4jxhn9zkzwiw-4402\",\"storageBucket\":\"aivo-4jxhn9zkzwiw-4402.firebasestorage.app\"}","GCLOUD_PROJECT":"aivo-4jxhn9zkzwiw-4402","EVENTARC_CLOUD_EVENT_SOURCE":"projects/aivo-4jxhn9zkzwiw-4402/locations/us-central1/services/api","FUNCTION_TARGET":"api","LOG_EXECUTION_ID":"true"},"ingressSettings":"ALLOW_ALL","serviceAccountEmail":"781811004685-compute@developer.gserviceaccount.com","availableMemory":"256Mi","maxInstanceRequestConcurrency":80,"availableCpu":"1"},"state":"FAILED","labels":{"firebase-functions-hash":"fefae053e47f938c777cd98d25d9b418ed890a88"},"stateMessages":[{"severity":"ERROR","type":"CloudRunServiceNotFound","message":"Cloud Run service projects/aivo-4jxhn9zkzwiw-4402/locations/us-central1/services/api for the function was not found. The function will not work correctly. Please redeploy."}],"environment":"GEN_2","url":"https://us-central1-aivo-4jxhn9zkzwiw-4402.cloudfunctions.net/api","satisfiesPzi":true},"stages":[{"name":"SERVICE","state":"NOT_STARTED"}],"operationType":"UPDATE_FUNCTION"},"done":true,"error":{"code":3,"message":"Build failed with status: FAILURE. Could not build the function due to a missing permission on the build service account. If you didn't revoke that permission explicitly, this could be caused by a change in the organization policies. Please refer to the following documentation for more details and resolution: https://cloud.google.com/functions/docs/troubleshooting#build-service-account\n You can also view the logs at https://console.cloud.google.com/cloud-build/builds;region=us-central1/cdb235f4-777f-4841-a750-af7ab2bcf3b3?project=781811004685.\n"}}
[debug] [2026-02-18T04:33:13.477Z] Got source token undefined for region us-central1
[error] Build failed with status: FAILURE. Could not build the function due to a missing permission on the build service account. If you didn't revoke that permission explicitly, this could be caused by a change in the organization policies. Please refer to the following documentation for more details and resolution: https://cloud.google.com/functions/docs/troubleshooting#build-service-account
 You can also view the logs at https://console.cloud.google.com/cloud-build/builds;region=us-central1/cdb235f4-777f-4841-a750-af7ab2bcf3b3?project=781811004685.

[debug] [2026-02-18T04:33:13.480Z] Total Function Deployment time: 34406
[debug] [2026-02-18T04:33:13.480Z] 1 Functions Deployed
[debug] [2026-02-18T04:33:13.480Z] 1 Functions Errored
[debug] [2026-02-18T04:33:13.480Z] 0 Function Deployments Aborted
[debug] [2026-02-18T04:33:13.480Z] Average Function Deployment time: 34406
[info] 
[info] Functions deploy had errors with the following functions:
	api(us-central1)
[debug] [2026-02-18T04:33:13.481Z] Not printing URL for HTTPS function. Typically this means it didn't match a filter or we failed deployment
[debug] [2026-02-18T04:33:13.482Z] No OAuth tokens found
[debug] [2026-02-18T04:33:13.482Z] >>> [apiv2][query] GET https://artifactregistry.googleapis.com/v1/projects/aivo-4jxhn9zkzwiw-4402/locations/us-central1/repositories/gcf-artifacts [none]
[debug] [2026-02-18T04:33:14.576Z] <<< [apiv2][status] GET https://artifactregistry.googleapis.com/v1/projects/aivo-4jxhn9zkzwiw-4402/locations/us-central1/repositories/gcf-artifacts 200
[debug] [2026-02-18T04:33:14.577Z] <<< [apiv2][body] GET https://artifactregistry.googleapis.com/v1/projects/aivo-4jxhn9zkzwiw-4402/locations/us-central1/repositories/gcf-artifacts {"name":"projects/aivo-4jxhn9zkzwiw-4402/locations/us-central1/repositories/gcf-artifacts","format":"DOCKER","description":"This repository is created and used by Cloud Functions for storing function docker images.","labels":{"goog-managed-by":"cloudfunctions"},"createTime":"2026-02-18T04:20:36.195749Z","updateTime":"2026-02-18T04:21:22.598259Z","mode":"STANDARD_REPOSITORY","cleanupPolicies":{"firebase-functions-cleanup":{"id":"firebase-functions-cleanup","action":"DELETE","condition":{"tagState":"ANY","olderThan":"86400s"}}},"vulnerabilityScanningConfig":{"lastEnableTime":"2026-02-18T04:20:26.840394600Z","enablementState":"SCANNING_DISABLED","enablementStateReason":"API containerscanning.googleapis.com is not enabled."},"satisfiesPzi":true,"registryUri":"us-central1-docker.pkg.dev/aivo-4jxhn9zkzwiw-4402/gcf-artifacts"}
[debug] [2026-02-18T04:33:14.577Z] Functions deploy failed.
[debug] [2026-02-18T04:33:14.577Z] {
  "endpoint": {
    "id": "api",
    "project": "aivo-4jxhn9zkzwiw-4402",
    "region": "us-central1",
    "entryPoint": "api",
    "platform": "gcfv2",
    "runtime": "nodejs20",
    "httpsTrigger": {},
    "labels": {
      "deployment-tool": "cli-firebase"
    },
    "serviceAccount": null,
    "ingressSettings": null,
    "availableMemoryMb": null,
    "timeoutSeconds": null,
    "maxInstances": null,
    "minInstances": null,
    "concurrency": 80,
    "vpc": null,
    "environmentVariables": {
      "FIREBASE_CONFIG": "{\"projectId\":\"aivo-4jxhn9zkzwiw-4402\",\"storageBucket\":\"aivo-4jxhn9zkzwiw-4402.firebasestorage.app\"}",
      "GCLOUD_PROJECT": "aivo-4jxhn9zkzwiw-4402",
      "EVENTARC_CLOUD_EVENT_SOURCE": "projects/aivo-4jxhn9zkzwiw-4402/locations/us-central1/services/api"
    },
    "codebase": "default",
    "securityLevel": "SECURE_ALWAYS",
    "cpu": 1,
    "targetedByOnly": false,
    "hash": "fefae053e47f938c777cd98d25d9b418ed890a88"
  },
  "op": "update",
  "original": {
    "name": "FirebaseError",
    "children": [],
    "exit": 1,
    "message": "Build failed with status: FAILURE. Could not build the function due to a missing permission on the build service account. If you didn't revoke that permission explicitly, this could be caused by a change in the organization policies. Please refer to the following documentation for more details and resolution: https://cloud.google.com/functions/docs/troubleshooting#build-service-account\n You can also view the logs at https://console.cloud.google.com/cloud-build/builds;region=us-central1/cdb235f4-777f-4841-a750-af7ab2bcf3b3?project=781811004685.\n",
    "original": {
      "code": 3,
      "message": "Build failed with status: FAILURE. Could not build the function due to a missing permission on the build service account. If you didn't revoke that permission explicitly, this could be caused by a change in the organization policies. Please refer to the following documentation for more details and resolution: https://cloud.google.com/functions/docs/troubleshooting#build-service-account\n You can also view the logs at https://console.cloud.google.com/cloud-build/builds;region=us-central1/cdb235f4-777f-4841-a750-af7ab2bcf3b3?project=781811004685.\n"
    },
    "status": 3,
    "code": 3
  }
}
[debug] [2026-02-18T04:33:14.579Z] Error: Failed to update function api in region us-central1
    at /Users/alejandrosilva/.nvm/versions/node/v20.19.0/lib/node_modules/firebase-tools/lib/deploy/functions/release/fabricator.js:411:19
    at process.processTicksAndRejections (node:internal/process/task_queues:95:5)
    at async Fabricator.updateV2Function (/Users/alejandrosilva/.nvm/versions/node/v20.19.0/lib/node_modules/firebase-tools/lib/deploy/functions/release/fabricator.js:400:32)
    at async Fabricator.updateEndpoint (/Users/alejandrosilva/.nvm/versions/node/v20.19.0/lib/node_modules/firebase-tools/lib/deploy/functions/release/fabricator.js:160:13)
    at async handle (/Users/alejandrosilva/.nvm/versions/node/v20.19.0/lib/node_modules/firebase-tools/lib/deploy/functions/release/fabricator.js:89:17)
[error] 
[error] Error: There was an error deploying functions
[debug] [2026-02-18T04:38:00.713Z] ----------------------------------------------------------------------
[debug] [2026-02-18T04:38:00.714Z] Command:       /Users/alejandrosilva/.nvm/versions/node/v20.19.0/bin/node /Users/alejandrosilva/.nvm/versions/node/v20.19.0/bin/firebase deploy --only functions --project aivo-4jxhn9zkzwiw-4402 --non-interactive --force
[debug] [2026-02-18T04:38:00.715Z] CLI Version:   14.22.0
[debug] [2026-02-18T04:38:00.715Z] Platform:      darwin
[debug] [2026-02-18T04:38:00.715Z] Node Version:  v20.19.0
[debug] [2026-02-18T04:38:00.715Z] Time:          Wed Feb 18 2026 01:38:00 GMT-0300 (Uruguay Standard Time)
[debug] [2026-02-18T04:38:00.715Z] ----------------------------------------------------------------------
[debug] 
[debug] [2026-02-18T04:38:00.808Z] > command requires scopes: ["email","openid","https://www.googleapis.com/auth/cloudplatformprojects.readonly","https://www.googleapis.com/auth/firebase","https://www.googleapis.com/auth/cloud-platform"]
[debug] [2026-02-18T04:38:00.980Z] Running auto auth
[debug] [2026-02-18T04:38:00.981Z] [iam] checking project aivo-4jxhn9zkzwiw-4402 for permissions ["cloudfunctions.functions.create","cloudfunctions.functions.delete","cloudfunctions.functions.get","cloudfunctions.functions.list","cloudfunctions.functions.update","cloudfunctions.operations.get","firebase.projects.get"]
[debug] [2026-02-18T04:38:00.982Z] No OAuth tokens found
[debug] [2026-02-18T04:38:00.983Z] >>> [apiv2][query] POST https://cloudresourcemanager.googleapis.com/v1/projects/aivo-4jxhn9zkzwiw-4402:testIamPermissions [none]
[debug] [2026-02-18T04:38:00.983Z] >>> [apiv2][(partial)header] POST https://cloudresourcemanager.googleapis.com/v1/projects/aivo-4jxhn9zkzwiw-4402:testIamPermissions x-goog-quota-user=projects/aivo-4jxhn9zkzwiw-4402
[debug] [2026-02-18T04:38:00.983Z] >>> [apiv2][body] POST https://cloudresourcemanager.googleapis.com/v1/projects/aivo-4jxhn9zkzwiw-4402:testIamPermissions {"permissions":["cloudfunctions.functions.create","cloudfunctions.functions.delete","cloudfunctions.functions.get","cloudfunctions.functions.list","cloudfunctions.functions.update","cloudfunctions.operations.get","firebase.projects.get"]}
[debug] [2026-02-18T04:38:01.908Z] <<< [apiv2][status] POST https://cloudresourcemanager.googleapis.com/v1/projects/aivo-4jxhn9zkzwiw-4402:testIamPermissions 200
[debug] [2026-02-18T04:38:01.909Z] <<< [apiv2][body] POST https://cloudresourcemanager.googleapis.com/v1/projects/aivo-4jxhn9zkzwiw-4402:testIamPermissions {"permissions":["cloudfunctions.functions.create","cloudfunctions.functions.delete","cloudfunctions.functions.get","cloudfunctions.functions.list","cloudfunctions.functions.update","cloudfunctions.operations.get","firebase.projects.get"]}
[debug] [2026-02-18T04:38:01.909Z] No OAuth tokens found
[debug] [2026-02-18T04:38:01.910Z] >>> [apiv2][query] POST https://iam.googleapis.com/v1/projects/aivo-4jxhn9zkzwiw-4402/serviceAccounts/aivo-4jxhn9zkzwiw-4402@appspot.gserviceaccount.com:testIamPermissions [none]
[debug] [2026-02-18T04:38:01.910Z] >>> [apiv2][body] POST https://iam.googleapis.com/v1/projects/aivo-4jxhn9zkzwiw-4402/serviceAccounts/aivo-4jxhn9zkzwiw-4402@appspot.gserviceaccount.com:testIamPermissions {"permissions":["iam.serviceAccounts.actAs"]}
[debug] [2026-02-18T04:38:02.858Z] <<< [apiv2][status] POST https://iam.googleapis.com/v1/projects/aivo-4jxhn9zkzwiw-4402/serviceAccounts/aivo-4jxhn9zkzwiw-4402@appspot.gserviceaccount.com:testIamPermissions 200
[debug] [2026-02-18T04:38:02.859Z] <<< [apiv2][body] POST https://iam.googleapis.com/v1/projects/aivo-4jxhn9zkzwiw-4402/serviceAccounts/aivo-4jxhn9zkzwiw-4402@appspot.gserviceaccount.com:testIamPermissions {"permissions":["iam.serviceAccounts.actAs"]}
[info] 
[info] === Deploying to 'aivo-4jxhn9zkzwiw-4402'...
[info] 
[info] i  deploying functions 
[info] Running command: npm run build
[info] ✔  functions: Finished running predeploy script. 
[debug] [2026-02-18T04:38:04.116Z] No OAuth tokens found
[debug] [2026-02-18T04:38:04.116Z] >>> [apiv2][query] GET https://cloudresourcemanager.googleapis.com/v1/projects/aivo-4jxhn9zkzwiw-4402 [none]
[debug] [2026-02-18T04:38:04.339Z] <<< [apiv2][status] GET https://cloudresourcemanager.googleapis.com/v1/projects/aivo-4jxhn9zkzwiw-4402 200
[debug] [2026-02-18T04:38:04.339Z] <<< [apiv2][body] GET https://cloudresourcemanager.googleapis.com/v1/projects/aivo-4jxhn9zkzwiw-4402 {"projectNumber":"781811004685","projectId":"aivo-4jxhn9zkzwiw-4402","lifecycleState":"ACTIVE","name":"AIVO - aivo-4jxhn9zkzwiw-4402","labels":{"firebase":"enabled","firebase-core":"disabled"},"createTime":"2026-02-18T04:08:06.427336Z","parent":{"type":"organization","id":"283194625711"}}
[info] i  functions: preparing codebase default for deployment 
[info] i  functions: ensuring required API cloudfunctions.googleapis.com is enabled... 
[info] i  functions: ensuring required API cloudbuild.googleapis.com is enabled... 
[info] i  artifactregistry: ensuring required API artifactregistry.googleapis.com is enabled... 
[debug] [2026-02-18T04:38:04.343Z] No OAuth tokens found
[debug] [2026-02-18T04:38:04.343Z] >>> [apiv2][query] GET https://firebase.googleapis.com/v1beta1/projects/aivo-4jxhn9zkzwiw-4402/adminSdkConfig [none]
[debug] [2026-02-18T04:38:04.907Z] <<< [apiv2][status] GET https://firebase.googleapis.com/v1beta1/projects/aivo-4jxhn9zkzwiw-4402/adminSdkConfig 200
[debug] [2026-02-18T04:38:04.908Z] <<< [apiv2][body] GET https://firebase.googleapis.com/v1beta1/projects/aivo-4jxhn9zkzwiw-4402/adminSdkConfig {"projectId":"aivo-4jxhn9zkzwiw-4402","storageBucket":"aivo-4jxhn9zkzwiw-4402.firebasestorage.app"}
[debug] [2026-02-18T04:38:04.909Z] No OAuth tokens found
[debug] [2026-02-18T04:38:04.909Z] >>> [apiv2][query] GET https://runtimeconfig.googleapis.com/v1beta1/projects/aivo-4jxhn9zkzwiw-4402/configs [none]
[debug] [2026-02-18T04:38:05.998Z] <<< [apiv2][status] GET https://runtimeconfig.googleapis.com/v1beta1/projects/aivo-4jxhn9zkzwiw-4402/configs 200
[debug] [2026-02-18T04:38:05.998Z] <<< [apiv2][body] GET https://runtimeconfig.googleapis.com/v1beta1/projects/aivo-4jxhn9zkzwiw-4402/configs {}
[debug] [2026-02-18T04:38:06.000Z] Validating nodejs source
[warn] ⚠  functions: Runtime Node.js 20 will be deprecated on 2026-04-30 and will be decommissioned on 2026-10-30, after which you will not be able to deploy without upgrading. Consider upgrading now to avoid disruption. See https://cloud.google.com/functions/docs/runtime-support for full details on the lifecycle policy 
[warn] ⚠  functions: package.json indicates an outdated version of firebase-functions. Please upgrade using npm install --save firebase-functions@latest in your functions directory. 
[warn] ⚠  functions: Please note that there will be breaking changes when you upgrade. 
[debug] [2026-02-18T04:38:06.617Z] > [functions] package.json contents: {
  "name": "market-uy-backend",
  "version": "1.0.0",
  "description": "Backend API for Market Uy self-checkout ordering system",
  "main": "dist/index.js",
  "engines": {
    "node": "20"
  },
  "scripts": {
    "build": "tsc",
    "start": "node dist/index.js",
    "dev": "ts-node src/index.ts",
    "lint": "eslint src --ext .ts",
    "test": "jest"
  },
  "dependencies": {
    "cors": "^2.8.5",
    "dotenv": "^16.3.1",
    "express": "^4.18.2",
    "firebase-admin": "^12.0.0",
    "firebase-functions": "^5.0.1",
    "joi": "^17.11.0",
    "uuid": "^9.0.1"
  },
  "devDependencies": {
    "@types/cors": "^2.8.17",
    "@types/express": "^4.17.21",
    "@types/jest": "^29.5.11",
    "@types/node": "^20.10.6",
    "@types/supertest": "^6.0.3",
    "@types/uuid": "^10.0.0",
    "@typescript-eslint/eslint-plugin": "^6.17.0",
    "@typescript-eslint/parser": "^6.17.0",
    "eslint": "^8.56.0",
    "jest": "^29.7.0",
    "supertest": "^7.2.2",
    "ts-jest": "^29.1.1",
    "ts-node": "^10.9.2",
    "typescript": "^5.3.3"
  }
}
[debug] [2026-02-18T04:38:06.617Z] Building nodejs source
[info] i  functions: Loading and analyzing source code for codebase default to determine what to deploy 
[debug] [2026-02-18T04:38:06.618Z] Could not find functions.yaml. Must use http discovery
[debug] [2026-02-18T04:38:06.626Z] Found firebase-functions binary at '/private/tmp/aivo-projects/4JxhN9zKZwIWf3uWxgJd/backend/node_modules/.bin/firebase-functions'
[info] Serving at port 8381

[info] Firebase initialized successfully

[debug] [2026-02-18T04:38:06.916Z] Got response from /__/functions.yaml {"endpoints":{"api":{"availableMemoryMb":null,"timeoutSeconds":null,"minInstances":null,"maxInstances":null,"ingressSettings":null,"concurrency":null,"serviceAccountEmail":null,"vpc":null,"platform":"gcfv2","labels":{},"httpsTrigger":{},"entryPoint":"api"}},"specVersion":"v1alpha1","requiredAPIs":[],"extensions":{}}
[info] i  extensions: ensuring required API firebaseextensions.googleapis.com is enabled... 
[debug] [2026-02-18T04:38:10.939Z] > command requires scopes: ["email","openid","https://www.googleapis.com/auth/cloudplatformprojects.readonly","https://www.googleapis.com/auth/firebase","https://www.googleapis.com/auth/cloud-platform"]
[debug] [2026-02-18T04:38:10.940Z] Running auto auth
[debug] [2026-02-18T04:38:10.940Z] [iam] checking project aivo-4jxhn9zkzwiw-4402 for permissions ["firebase.projects.get","firebaseextensions.instances.list"]
[debug] [2026-02-18T04:38:10.940Z] No OAuth tokens found
[debug] [2026-02-18T04:38:10.940Z] >>> [apiv2][query] POST https://cloudresourcemanager.googleapis.com/v1/projects/aivo-4jxhn9zkzwiw-4402:testIamPermissions [none]
[debug] [2026-02-18T04:38:10.940Z] >>> [apiv2][(partial)header] POST https://cloudresourcemanager.googleapis.com/v1/projects/aivo-4jxhn9zkzwiw-4402:testIamPermissions x-goog-quota-user=projects/aivo-4jxhn9zkzwiw-4402
[debug] [2026-02-18T04:38:10.941Z] >>> [apiv2][body] POST https://cloudresourcemanager.googleapis.com/v1/projects/aivo-4jxhn9zkzwiw-4402:testIamPermissions {"permissions":["firebase.projects.get","firebaseextensions.instances.list"]}
[debug] [2026-02-18T04:38:11.815Z] <<< [apiv2][status] POST https://cloudresourcemanager.googleapis.com/v1/projects/aivo-4jxhn9zkzwiw-4402:testIamPermissions 200
[debug] [2026-02-18T04:38:11.815Z] <<< [apiv2][body] POST https://cloudresourcemanager.googleapis.com/v1/projects/aivo-4jxhn9zkzwiw-4402:testIamPermissions {"permissions":["firebase.projects.get","firebaseextensions.instances.list"]}
[debug] [2026-02-18T04:38:11.817Z] No OAuth tokens found
[debug] [2026-02-18T04:38:11.818Z] >>> [apiv2][query] GET https://firebaseextensions.googleapis.com/v1beta/projects/aivo-4jxhn9zkzwiw-4402/instances pageSize=100&pageToken=
[debug] [2026-02-18T04:38:12.917Z] <<< [apiv2][status] GET https://firebaseextensions.googleapis.com/v1beta/projects/aivo-4jxhn9zkzwiw-4402/instances 200
[debug] [2026-02-18T04:38:12.917Z] <<< [apiv2][body] GET https://firebaseextensions.googleapis.com/v1beta/projects/aivo-4jxhn9zkzwiw-4402/instances {}
[info] i  functions: preparing . directory for uploading... 
[info] i  functions: packaged /private/tmp/aivo-projects/4JxhN9zKZwIWf3uWxgJd/backend (139.38 KB) for uploading 
[debug] [2026-02-18T04:38:13.018Z] No OAuth tokens found
[debug] [2026-02-18T04:38:13.018Z] >>> [apiv2][query] GET https://cloudfunctions.googleapis.com/v1/projects/aivo-4jxhn9zkzwiw-4402/locations/-/functions [none]
[debug] [2026-02-18T04:38:14.005Z] <<< [apiv2][status] GET https://cloudfunctions.googleapis.com/v1/projects/aivo-4jxhn9zkzwiw-4402/locations/-/functions 200
[debug] [2026-02-18T04:38:14.005Z] <<< [apiv2][body] GET https://cloudfunctions.googleapis.com/v1/projects/aivo-4jxhn9zkzwiw-4402/locations/-/functions {}
[debug] [2026-02-18T04:38:14.006Z] No OAuth tokens found
[debug] [2026-02-18T04:38:14.006Z] >>> [apiv2][query] GET https://cloudfunctions.googleapis.com/v2/projects/aivo-4jxhn9zkzwiw-4402/locations/-/functions filter=environment%3D%22GEN_2%22
[debug] [2026-02-18T04:38:15.340Z] <<< [apiv2][status] GET https://cloudfunctions.googleapis.com/v2/projects/aivo-4jxhn9zkzwiw-4402/locations/-/functions 200
[debug] [2026-02-18T04:38:15.340Z] <<< [apiv2][body] GET https://cloudfunctions.googleapis.com/v2/projects/aivo-4jxhn9zkzwiw-4402/locations/-/functions {"functions":[{"name":"projects/aivo-4jxhn9zkzwiw-4402/locations/us-central1/functions/api","buildConfig":{"build":"projects/781811004685/locations/us-central1/builds/697823e7-7f09-45c8-a5f9-e66d739b0039","runtime":"nodejs20","entryPoint":"api","source":{"storageSource":{"bucket":"gcf-v2-sources-781811004685-us-central1","object":"api/function-source.zip","generation":"1771388425823406"}},"environmentVariables":{"GOOGLE_NODE_RUN_SCRIPTS":""},"dockerRepository":"projects/aivo-4jxhn9zkzwiw-4402/locations/us-central1/repositories/gcf-artifacts","sourceProvenance":{"resolvedStorageSource":{"bucket":"gcf-v2-sources-781811004685-us-central1","object":"api/function-source.zip","generation":"1771388425823406"}},"dockerRegistry":"ARTIFACT_REGISTRY","serviceAccount":"projects/aivo-4jxhn9zkzwiw-4402/serviceAccounts/781811004685-compute@developer.gserviceaccount.com","automaticUpdatePolicy":{}},"state":"UNKNOWN","updateTime":"2026-02-18T04:33:09.949256281Z","labels":{"deployment-tool":"cli-firebase","firebase-functions-hash":"fefae053e47f938c777cd98d25d9b418ed890a88"},"stateMessages":[{"severity":"ERROR","type":"CloudRunServiceNotFound","message":"Cloud Run service projects/aivo-4jxhn9zkzwiw-4402/locations/us-central1/services/api for the function was not found. The function will not work correctly. Please redeploy."}],"environment":"GEN_2","url":"https://us-central1-aivo-4jxhn9zkzwiw-4402.cloudfunctions.net/api","createTime":"2026-02-18T04:20:26.657466396Z","satisfiesPzi":true}]}
[info] i  functions: ensuring required API run.googleapis.com is enabled... 
[info] i  functions: ensuring required API eventarc.googleapis.com is enabled... 
[info] i  functions: ensuring required API pubsub.googleapis.com is enabled... 
[info] i  functions: ensuring required API storage.googleapis.com is enabled... 
[info] i  functions: generating the service identity for pubsub.googleapis.com... 
[debug] [2026-02-18T04:38:15.344Z] No OAuth tokens found
[info] i  functions: generating the service identity for eventarc.googleapis.com... 
[debug] [2026-02-18T04:38:15.344Z] No OAuth tokens found
[debug] [2026-02-18T04:38:15.344Z] >>> [apiv2][query] POST https://serviceusage.googleapis.com/v1beta1/projects/781811004685/services/pubsub.googleapis.com:generateServiceIdentity [none]
[debug] [2026-02-18T04:38:15.344Z] >>> [apiv2][(partial)header] POST https://serviceusage.googleapis.com/v1beta1/projects/781811004685/services/pubsub.googleapis.com:generateServiceIdentity x-goog-quota-user=projects/781811004685
[debug] [2026-02-18T04:38:15.345Z] >>> [apiv2][body] POST https://serviceusage.googleapis.com/v1beta1/projects/781811004685/services/pubsub.googleapis.com:generateServiceIdentity {}
[debug] [2026-02-18T04:38:15.346Z] >>> [apiv2][query] POST https://serviceusage.googleapis.com/v1beta1/projects/781811004685/services/eventarc.googleapis.com:generateServiceIdentity [none]
[debug] [2026-02-18T04:38:15.346Z] >>> [apiv2][(partial)header] POST https://serviceusage.googleapis.com/v1beta1/projects/781811004685/services/eventarc.googleapis.com:generateServiceIdentity x-goog-quota-user=projects/781811004685
[debug] [2026-02-18T04:38:15.346Z] >>> [apiv2][body] POST https://serviceusage.googleapis.com/v1beta1/projects/781811004685/services/eventarc.googleapis.com:generateServiceIdentity {}
[debug] [2026-02-18T04:38:16.439Z] <<< [apiv2][status] POST https://serviceusage.googleapis.com/v1beta1/projects/781811004685/services/eventarc.googleapis.com:generateServiceIdentity 200
[debug] [2026-02-18T04:38:16.439Z] <<< [apiv2][body] POST https://serviceusage.googleapis.com/v1beta1/projects/781811004685/services/eventarc.googleapis.com:generateServiceIdentity {"name":"operations/finished.DONE_OPERATION","done":true,"response":{"@type":"type.googleapis.com/google.api.serviceusage.v1beta1.ServiceIdentity","email":"service-781811004685@gcp-sa-eventarc.iam.gserviceaccount.com","uniqueId":"106210261091979292001"}}
[debug] [2026-02-18T04:38:16.448Z] <<< [apiv2][status] POST https://serviceusage.googleapis.com/v1beta1/projects/781811004685/services/pubsub.googleapis.com:generateServiceIdentity 200
[debug] [2026-02-18T04:38:16.448Z] <<< [apiv2][body] POST https://serviceusage.googleapis.com/v1beta1/projects/781811004685/services/pubsub.googleapis.com:generateServiceIdentity {"name":"operations/finished.DONE_OPERATION","done":true,"response":{"@type":"type.googleapis.com/google.api.serviceusage.v1beta1.ServiceIdentity","email":"service-781811004685@gcp-sa-pubsub.iam.gserviceaccount.com","uniqueId":"103474511910076932089"}}
[debug] [2026-02-18T04:38:16.451Z] No OAuth tokens found
[debug] [2026-02-18T04:38:16.451Z] >>> [apiv2][query] GET https://cloudresourcemanager.googleapis.com/v1/projects/aivo-4jxhn9zkzwiw-4402 [none]
[debug] [2026-02-18T04:38:16.670Z] <<< [apiv2][status] GET https://cloudresourcemanager.googleapis.com/v1/projects/aivo-4jxhn9zkzwiw-4402 200
[debug] [2026-02-18T04:38:16.670Z] <<< [apiv2][body] GET https://cloudresourcemanager.googleapis.com/v1/projects/aivo-4jxhn9zkzwiw-4402 {"projectNumber":"781811004685","projectId":"aivo-4jxhn9zkzwiw-4402","lifecycleState":"ACTIVE","name":"AIVO - aivo-4jxhn9zkzwiw-4402","labels":{"firebase":"enabled","firebase-core":"disabled"},"createTime":"2026-02-18T04:08:06.427336Z","parent":{"type":"organization","id":"283194625711"}}
[debug] [2026-02-18T04:38:16.671Z] No OAuth tokens found
[debug] [2026-02-18T04:38:16.671Z] >>> [apiv2][query] GET https://compute.googleapis.com/compute/v1/projects/781811004685 [none]
[debug] [2026-02-18T04:38:17.220Z] <<< [apiv2][status] GET https://compute.googleapis.com/compute/v1/projects/781811004685 200
[debug] [2026-02-18T04:38:17.220Z] <<< [apiv2][body] GET https://compute.googleapis.com/compute/v1/projects/781811004685 {"kind":"compute#project","id":"7056946993447863203","creationTimestamp":"2026-02-17T20:17:16.852-08:00","name":"aivo-4jxhn9zkzwiw-4402","commonInstanceMetadata":{"kind":"compute#metadata","fingerprint":"qd1iZwPfUZ4="},"quotas":[{"metric":"SNAPSHOTS","limit":1000,"usage":0},{"metric":"NETWORKS","limit":5,"usage":1},{"metric":"FIREWALLS","limit":100,"usage":4},{"metric":"IMAGES","limit":100,"usage":0},{"metric":"STATIC_ADDRESSES","limit":8,"usage":0},{"metric":"ROUTES","limit":200,"usage":0},{"metric":"FORWARDING_RULES","limit":15,"usage":0},{"metric":"TARGET_POOLS","limit":50,"usage":0},{"metric":"HEALTH_CHECKS","limit":75,"usage":0},{"metric":"IN_USE_ADDRESSES","limit":4,"usage":0},{"metric":"TARGET_INSTANCES","limit":50,"usage":0},{"metric":"TARGET_HTTP_PROXIES","limit":10,"usage":0},{"metric":"URL_MAPS","limit":10,"usage":0},{"metric":"BACKEND_SERVICES","limit":50,"usage":0},{"metric":"INSTANCE_TEMPLATES","limit":100,"usage":0},{"metric":"TARGET_VPN_GATEWAYS","limit":5,"usage":0},{"metric":"VPN_TUNNELS","limit":10,"usage":0},{"metric":"BACKEND_BUCKETS","limit":3,"usage":0},{"metric":"ROUTERS","limit":10,"usage":0},{"metric":"TARGET_SSL_PROXIES","limit":10,"usage":0},{"metric":"TARGET_HTTPS_PROXIES","limit":10,"usage":0},{"metric":"SSL_CERTIFICATES","limit":10,"usage":0},{"metric":"SUBNETWORKS","limit":100,"usage":0},{"metric":"TARGET_TCP_PROXIES","limit":10,"usage":0},{"metric":"CPUS_ALL_REGIONS","limit":12,"usage":0},{"metric":"SECURITY_POLICIES","limit":0,"usage":0},{"metric":"SECURITY_POLICY_RULES","limit":0,"usage":0},{"metric":"XPN_SERVICE_PROJECTS","limit":1000,"usage":0},{"metric":"PACKET_MIRRORINGS","limit":20,"usage":0},{"metric":"NETWORK_ENDPOINT_GROUPS","limit":100,"usage":0},{"metric":"INTERCONNECTS","limit":6,"usage":0},{"metric":"SSL_POLICIES","limit":10,"usage":0},{"metric":"GLOBAL_INTERNAL_ADDRESSES","limit":5000,"usage":0},{"metric":"VPN_GATEWAYS","limit":5,"usage":0},{"metric":"MACHINE_IMAGES","limit":100,"usage":0},{"metric":"SECURITY_POLICY_CEVAL_RULES","limit":0,"usage":0},{"metric":"GPUS_ALL_REGIONS","limit":0,"usage":0},{"metric":"EXTERNAL_VPN_GATEWAYS","limit":5,"usage":0},{"metric":"PUBLIC_ADVERTISED_PREFIXES","limit":1,"usage":0},{"metric":"PUBLIC_DELEGATED_PREFIXES","limit":10,"usage":0},{"metric":"STATIC_BYOIP_ADDRESSES","limit":128,"usage":0},{"metric":"NETWORK_FIREWALL_POLICIES","limit":10,"usage":0},{"metric":"INTERNAL_TRAFFIC_DIRECTOR_FORWARDING_RULES","limit":15,"usage":0},{"metric":"GLOBAL_EXTERNAL_MANAGED_FORWARDING_RULES","limit":15,"usage":0},{"metric":"GLOBAL_INTERNAL_MANAGED_BACKEND_SERVICES","limit":50,"usage":0},{"metric":"GLOBAL_EXTERNAL_MANAGED_BACKEND_SERVICES","limit":50,"usage":0},{"metric":"GLOBAL_EXTERNAL_PROXY_LB_BACKEND_SERVICES","limit":50,"usage":0},{"metric":"GLOBAL_INTERNAL_TRAFFIC_DIRECTOR_BACKEND_SERVICES","limit":100,"usage":0}],"selfLink":"https://www.googleapis.com/compute/v1/projects/aivo-4jxhn9zkzwiw-4402","defaultServiceAccount":"781811004685-compute@developer.gserviceaccount.com","xpnProjectStatus":"UNSPECIFIED_XPN_PROJECT_STATUS","defaultNetworkTier":"PREMIUM","vmDnsSetting":"ZONAL_ONLY","cloudArmorTier":"CA_STANDARD"}
[debug] [2026-02-18T04:38:17.223Z] No OAuth tokens found
[debug] [2026-02-18T04:38:17.223Z] >>> [apiv2][query] GET https://cloudbilling.googleapis.com/v1/projects/aivo-4jxhn9zkzwiw-4402/billingInfo [none]
[debug] [2026-02-18T04:38:18.336Z] <<< [apiv2][status] GET https://cloudbilling.googleapis.com/v1/projects/aivo-4jxhn9zkzwiw-4402/billingInfo 200
[debug] [2026-02-18T04:38:18.336Z] <<< [apiv2][body] GET https://cloudbilling.googleapis.com/v1/projects/aivo-4jxhn9zkzwiw-4402/billingInfo {"name":"projects/aivo-4jxhn9zkzwiw-4402/billingInfo","projectId":"aivo-4jxhn9zkzwiw-4402","billingAccountName":"billingAccounts/01DF6E-0B7675-CA3239","billingEnabled":true}
[info] i  functions: updating Node.js 20 (2nd Gen) function api(us-central1)... 
[debug] [2026-02-18T04:38:18.343Z] Precondition failed. Cannot update a GCFv2 function without storage
[debug] [2026-02-18T04:38:18.344Z] Total Function Deployment time: 1
[debug] [2026-02-18T04:38:18.344Z] 1 Functions Deployed
[debug] [2026-02-18T04:38:18.344Z] 1 Functions Errored
[debug] [2026-02-18T04:38:18.344Z] 0 Function Deployments Aborted
[debug] [2026-02-18T04:38:18.344Z] Average Function Deployment time: 0
[info] 
[info] Functions deploy had errors with the following functions:
	api(us-central1)
[debug] [2026-02-18T04:38:18.345Z] Not printing URL for HTTPS function. Typically this means it didn't match a filter or we failed deployment
[debug] [2026-02-18T04:38:18.346Z] No OAuth tokens found
[debug] [2026-02-18T04:38:18.346Z] >>> [apiv2][query] GET https://artifactregistry.googleapis.com/v1/projects/aivo-4jxhn9zkzwiw-4402/locations/us-central1/repositories/gcf-artifacts [none]
[debug] [2026-02-18T04:38:19.551Z] <<< [apiv2][status] GET https://artifactregistry.googleapis.com/v1/projects/aivo-4jxhn9zkzwiw-4402/locations/us-central1/repositories/gcf-artifacts 200
[debug] [2026-02-18T04:38:19.551Z] <<< [apiv2][body] GET https://artifactregistry.googleapis.com/v1/projects/aivo-4jxhn9zkzwiw-4402/locations/us-central1/repositories/gcf-artifacts {"name":"projects/aivo-4jxhn9zkzwiw-4402/locations/us-central1/repositories/gcf-artifacts","format":"DOCKER","description":"This repository is created and used by Cloud Functions for storing function docker images.","labels":{"goog-managed-by":"cloudfunctions"},"createTime":"2026-02-18T04:20:36.195749Z","updateTime":"2026-02-18T04:21:22.598259Z","mode":"STANDARD_REPOSITORY","cleanupPolicies":{"firebase-functions-cleanup":{"id":"firebase-functions-cleanup","action":"DELETE","condition":{"tagState":"ANY","olderThan":"86400s"}}},"vulnerabilityScanningConfig":{"lastEnableTime":"2026-02-18T04:20:26.840394600Z","enablementState":"SCANNING_DISABLED","enablementStateReason":"API containerscanning.googleapis.com is not enabled."},"satisfiesPzi":true,"registryUri":"us-central1-docker.pkg.dev/aivo-4jxhn9zkzwiw-4402/gcf-artifacts"}
[debug] [2026-02-18T04:38:19.552Z] Functions deploy failed.
[debug] [2026-02-18T04:38:19.552Z] {}
[debug] [2026-02-18T04:38:19.553Z] Error: Precondition failed
    at Fabricator.updateV2Function (/Users/alejandrosilva/.nvm/versions/node/v20.19.0/lib/node_modules/firebase-tools/lib/deploy/functions/release/fabricator.js:394:19)
    at Fabricator.updateEndpoint (/Users/alejandrosilva/.nvm/versions/node/v20.19.0/lib/node_modules/firebase-tools/lib/deploy/functions/release/fabricator.js:160:24)
    at /Users/alejandrosilva/.nvm/versions/node/v20.19.0/lib/node_modules/firebase-tools/lib/deploy/functions/release/fabricator.js:110:71
    at handle (/Users/alejandrosilva/.nvm/versions/node/v20.19.0/lib/node_modules/firebase-tools/lib/deploy/functions/release/fabricator.js:89:23)
    at Fabricator.applyChangeset (/Users/alejandrosilva/.nvm/versions/node/v20.19.0/lib/node_modules/firebase-tools/lib/deploy/functions/release/fabricator.js:110:26)
    at /Users/alejandrosilva/.nvm/versions/node/v20.19.0/lib/node_modules/firebase-tools/lib/deploy/functions/release/fabricator.js:69:40
    at Array.map (<anonymous>)
    at Fabricator.applyPlan (/Users/alejandrosilva/.nvm/versions/node/v20.19.0/lib/node_modules/firebase-tools/lib/deploy/functions/release/fabricator.js:68:54)
    at release (/Users/alejandrosilva/.nvm/versions/node/v20.19.0/lib/node_modules/firebase-tools/lib/deploy/functions/release/index.js:76:31)
    at process.processTicksAndRejections (node:internal/process/task_queues:95:5)
[error] 
[error] Error: There was an error deploying functions
[debug] [2026-02-18T04:40:28.421Z] ----------------------------------------------------------------------
[debug] [2026-02-18T04:40:28.422Z] Command:       /Users/alejandrosilva/.nvm/versions/node/v20.19.0/bin/node /Users/alejandrosilva/.nvm/versions/node/v20.19.0/bin/firebase deploy --only functions --project aivo-4jxhn9zkzwiw-4402 --non-interactive --force
[debug] [2026-02-18T04:40:28.422Z] CLI Version:   14.22.0
[debug] [2026-02-18T04:40:28.422Z] Platform:      darwin
[debug] [2026-02-18T04:40:28.422Z] Node Version:  v20.19.0
[debug] [2026-02-18T04:40:28.422Z] Time:          Wed Feb 18 2026 01:40:28 GMT-0300 (Uruguay Standard Time)
[debug] [2026-02-18T04:40:28.422Z] ----------------------------------------------------------------------
[debug] 
[debug] [2026-02-18T04:40:28.517Z] > command requires scopes: ["email","openid","https://www.googleapis.com/auth/cloudplatformprojects.readonly","https://www.googleapis.com/auth/firebase","https://www.googleapis.com/auth/cloud-platform"]
[debug] [2026-02-18T04:40:28.699Z] Running auto auth
[debug] [2026-02-18T04:40:28.699Z] [iam] checking project aivo-4jxhn9zkzwiw-4402 for permissions ["cloudfunctions.functions.create","cloudfunctions.functions.delete","cloudfunctions.functions.get","cloudfunctions.functions.list","cloudfunctions.functions.update","cloudfunctions.operations.get","firebase.projects.get"]
[debug] [2026-02-18T04:40:28.700Z] No OAuth tokens found
[debug] [2026-02-18T04:40:28.701Z] >>> [apiv2][query] POST https://cloudresourcemanager.googleapis.com/v1/projects/aivo-4jxhn9zkzwiw-4402:testIamPermissions [none]
[debug] [2026-02-18T04:40:28.701Z] >>> [apiv2][(partial)header] POST https://cloudresourcemanager.googleapis.com/v1/projects/aivo-4jxhn9zkzwiw-4402:testIamPermissions x-goog-quota-user=projects/aivo-4jxhn9zkzwiw-4402
[debug] [2026-02-18T04:40:28.701Z] >>> [apiv2][body] POST https://cloudresourcemanager.googleapis.com/v1/projects/aivo-4jxhn9zkzwiw-4402:testIamPermissions {"permissions":["cloudfunctions.functions.create","cloudfunctions.functions.delete","cloudfunctions.functions.get","cloudfunctions.functions.list","cloudfunctions.functions.update","cloudfunctions.operations.get","firebase.projects.get"]}
[debug] [2026-02-18T04:40:29.579Z] <<< [apiv2][status] POST https://cloudresourcemanager.googleapis.com/v1/projects/aivo-4jxhn9zkzwiw-4402:testIamPermissions 200
[debug] [2026-02-18T04:40:29.579Z] <<< [apiv2][body] POST https://cloudresourcemanager.googleapis.com/v1/projects/aivo-4jxhn9zkzwiw-4402:testIamPermissions {"permissions":["cloudfunctions.functions.create","cloudfunctions.functions.delete","cloudfunctions.functions.get","cloudfunctions.functions.list","cloudfunctions.functions.update","cloudfunctions.operations.get","firebase.projects.get"]}
[debug] [2026-02-18T04:40:29.580Z] No OAuth tokens found
[debug] [2026-02-18T04:40:29.580Z] >>> [apiv2][query] POST https://iam.googleapis.com/v1/projects/aivo-4jxhn9zkzwiw-4402/serviceAccounts/aivo-4jxhn9zkzwiw-4402@appspot.gserviceaccount.com:testIamPermissions [none]
[debug] [2026-02-18T04:40:29.580Z] >>> [apiv2][body] POST https://iam.googleapis.com/v1/projects/aivo-4jxhn9zkzwiw-4402/serviceAccounts/aivo-4jxhn9zkzwiw-4402@appspot.gserviceaccount.com:testIamPermissions {"permissions":["iam.serviceAccounts.actAs"]}
[debug] [2026-02-18T04:40:30.441Z] <<< [apiv2][status] POST https://iam.googleapis.com/v1/projects/aivo-4jxhn9zkzwiw-4402/serviceAccounts/aivo-4jxhn9zkzwiw-4402@appspot.gserviceaccount.com:testIamPermissions 200
[debug] [2026-02-18T04:40:30.441Z] <<< [apiv2][body] POST https://iam.googleapis.com/v1/projects/aivo-4jxhn9zkzwiw-4402/serviceAccounts/aivo-4jxhn9zkzwiw-4402@appspot.gserviceaccount.com:testIamPermissions {"permissions":["iam.serviceAccounts.actAs"]}
[info] 
[info] === Deploying to 'aivo-4jxhn9zkzwiw-4402'...
[info] 
[info] i  deploying functions 
[info] Running command: npm run build
[info] ✔  functions: Finished running predeploy script. 
[debug] [2026-02-18T04:40:31.785Z] No OAuth tokens found
[debug] [2026-02-18T04:40:31.785Z] >>> [apiv2][query] GET https://cloudresourcemanager.googleapis.com/v1/projects/aivo-4jxhn9zkzwiw-4402 [none]
[debug] [2026-02-18T04:40:31.996Z] <<< [apiv2][status] GET https://cloudresourcemanager.googleapis.com/v1/projects/aivo-4jxhn9zkzwiw-4402 200
[debug] [2026-02-18T04:40:31.996Z] <<< [apiv2][body] GET https://cloudresourcemanager.googleapis.com/v1/projects/aivo-4jxhn9zkzwiw-4402 {"projectNumber":"781811004685","projectId":"aivo-4jxhn9zkzwiw-4402","lifecycleState":"ACTIVE","name":"AIVO - aivo-4jxhn9zkzwiw-4402","labels":{"firebase":"enabled","firebase-core":"disabled"},"createTime":"2026-02-18T04:08:06.427336Z","parent":{"type":"organization","id":"283194625711"}}
[info] i  functions: preparing codebase default for deployment 
[info] i  functions: ensuring required API cloudfunctions.googleapis.com is enabled... 
[info] i  functions: ensuring required API cloudbuild.googleapis.com is enabled... 
[info] i  artifactregistry: ensuring required API artifactregistry.googleapis.com is enabled... 
[debug] [2026-02-18T04:40:31.999Z] No OAuth tokens found
[debug] [2026-02-18T04:40:31.999Z] >>> [apiv2][query] GET https://firebase.googleapis.com/v1beta1/projects/aivo-4jxhn9zkzwiw-4402/adminSdkConfig [none]
[debug] [2026-02-18T04:40:32.576Z] <<< [apiv2][status] GET https://firebase.googleapis.com/v1beta1/projects/aivo-4jxhn9zkzwiw-4402/adminSdkConfig 200
[debug] [2026-02-18T04:40:32.576Z] <<< [apiv2][body] GET https://firebase.googleapis.com/v1beta1/projects/aivo-4jxhn9zkzwiw-4402/adminSdkConfig {"projectId":"aivo-4jxhn9zkzwiw-4402","storageBucket":"aivo-4jxhn9zkzwiw-4402.firebasestorage.app"}
[debug] [2026-02-18T04:40:32.577Z] No OAuth tokens found
[debug] [2026-02-18T04:40:32.578Z] >>> [apiv2][query] GET https://runtimeconfig.googleapis.com/v1beta1/projects/aivo-4jxhn9zkzwiw-4402/configs [none]
[debug] [2026-02-18T04:40:32.946Z] <<< [apiv2][status] GET https://runtimeconfig.googleapis.com/v1beta1/projects/aivo-4jxhn9zkzwiw-4402/configs 200
[debug] [2026-02-18T04:40:32.946Z] <<< [apiv2][body] GET https://runtimeconfig.googleapis.com/v1beta1/projects/aivo-4jxhn9zkzwiw-4402/configs {}
[debug] [2026-02-18T04:40:32.947Z] Validating nodejs source
[warn] ⚠  functions: Runtime Node.js 20 will be deprecated on 2026-04-30 and will be decommissioned on 2026-10-30, after which you will not be able to deploy without upgrading. Consider upgrading now to avoid disruption. See https://cloud.google.com/functions/docs/runtime-support for full details on the lifecycle policy 
[warn] ⚠  functions: package.json indicates an outdated version of firebase-functions. Please upgrade using npm install --save firebase-functions@latest in your functions directory. 
[warn] ⚠  functions: Please note that there will be breaking changes when you upgrade. 
[debug] [2026-02-18T04:40:33.373Z] > [functions] package.json contents: {
  "name": "market-uy-backend",
  "version": "1.0.0",
  "description": "Backend API for Market Uy self-checkout ordering system",
  "main": "dist/index.js",
  "engines": {
    "node": "20"
  },
  "scripts": {
    "build": "tsc",
    "start": "node dist/index.js",
    "dev": "ts-node src/index.ts",
    "lint": "eslint src --ext .ts",
    "test": "jest"
  },
  "dependencies": {
    "cors": "^2.8.5",
    "dotenv": "^16.3.1",
    "express": "^4.18.2",
    "firebase-admin": "^12.0.0",
    "firebase-functions": "^5.0.1",
    "joi": "^17.11.0",
    "uuid": "^9.0.1"
  },
  "devDependencies": {
    "@types/cors": "^2.8.17",
    "@types/express": "^4.17.21",
    "@types/jest": "^29.5.11",
    "@types/node": "^20.10.6",
    "@types/supertest": "^6.0.3",
    "@types/uuid": "^10.0.0",
    "@typescript-eslint/eslint-plugin": "^6.17.0",
    "@typescript-eslint/parser": "^6.17.0",
    "eslint": "^8.56.0",
    "jest": "^29.7.0",
    "supertest": "^7.2.2",
    "ts-jest": "^29.1.1",
    "ts-node": "^10.9.2",
    "typescript": "^5.3.3"
  }
}
[debug] [2026-02-18T04:40:33.373Z] Building nodejs source
[info] i  functions: Loading and analyzing source code for codebase default to determine what to deploy 
[debug] [2026-02-18T04:40:33.373Z] Could not find functions.yaml. Must use http discovery
[debug] [2026-02-18T04:40:33.379Z] Found firebase-functions binary at '/private/tmp/aivo-projects/4JxhN9zKZwIWf3uWxgJd/backend/node_modules/.bin/firebase-functions'
[info] Serving at port 8752

[info] Firebase initialized successfully

[debug] [2026-02-18T04:40:33.629Z] Got response from /__/functions.yaml {"endpoints":{"api":{"availableMemoryMb":null,"timeoutSeconds":null,"minInstances":null,"maxInstances":null,"ingressSettings":null,"concurrency":null,"serviceAccountEmail":null,"vpc":null,"platform":"gcfv2","labels":{},"httpsTrigger":{},"entryPoint":"api"}},"specVersion":"v1alpha1","requiredAPIs":[],"extensions":{}}
[info] i  extensions: ensuring required API firebaseextensions.googleapis.com is enabled... 
[debug] [2026-02-18T04:40:37.649Z] > command requires scopes: ["email","openid","https://www.googleapis.com/auth/cloudplatformprojects.readonly","https://www.googleapis.com/auth/firebase","https://www.googleapis.com/auth/cloud-platform"]
[debug] [2026-02-18T04:40:37.649Z] Running auto auth
[debug] [2026-02-18T04:40:37.650Z] [iam] checking project aivo-4jxhn9zkzwiw-4402 for permissions ["firebase.projects.get","firebaseextensions.instances.list"]
[debug] [2026-02-18T04:40:37.650Z] No OAuth tokens found
[debug] [2026-02-18T04:40:37.650Z] >>> [apiv2][query] POST https://cloudresourcemanager.googleapis.com/v1/projects/aivo-4jxhn9zkzwiw-4402:testIamPermissions [none]
[debug] [2026-02-18T04:40:37.650Z] >>> [apiv2][(partial)header] POST https://cloudresourcemanager.googleapis.com/v1/projects/aivo-4jxhn9zkzwiw-4402:testIamPermissions x-goog-quota-user=projects/aivo-4jxhn9zkzwiw-4402
[debug] [2026-02-18T04:40:37.650Z] >>> [apiv2][body] POST https://cloudresourcemanager.googleapis.com/v1/projects/aivo-4jxhn9zkzwiw-4402:testIamPermissions {"permissions":["firebase.projects.get","firebaseextensions.instances.list"]}
[debug] [2026-02-18T04:40:38.520Z] <<< [apiv2][status] POST https://cloudresourcemanager.googleapis.com/v1/projects/aivo-4jxhn9zkzwiw-4402:testIamPermissions 200
[debug] [2026-02-18T04:40:38.520Z] <<< [apiv2][body] POST https://cloudresourcemanager.googleapis.com/v1/projects/aivo-4jxhn9zkzwiw-4402:testIamPermissions {"permissions":["firebase.projects.get","firebaseextensions.instances.list"]}
[debug] [2026-02-18T04:40:38.522Z] No OAuth tokens found
[debug] [2026-02-18T04:40:38.523Z] >>> [apiv2][query] GET https://firebaseextensions.googleapis.com/v1beta/projects/aivo-4jxhn9zkzwiw-4402/instances pageSize=100&pageToken=
[debug] [2026-02-18T04:40:39.562Z] <<< [apiv2][status] GET https://firebaseextensions.googleapis.com/v1beta/projects/aivo-4jxhn9zkzwiw-4402/instances 200
[debug] [2026-02-18T04:40:39.562Z] <<< [apiv2][body] GET https://firebaseextensions.googleapis.com/v1beta/projects/aivo-4jxhn9zkzwiw-4402/instances {}
[info] i  functions: preparing . directory for uploading... 
[info] i  functions: packaged /private/tmp/aivo-projects/4JxhN9zKZwIWf3uWxgJd/backend (139.38 KB) for uploading 
[debug] [2026-02-18T04:40:39.649Z] No OAuth tokens found
[debug] [2026-02-18T04:40:39.649Z] >>> [apiv2][query] GET https://cloudfunctions.googleapis.com/v1/projects/aivo-4jxhn9zkzwiw-4402/locations/-/functions [none]
[debug] [2026-02-18T04:40:40.637Z] <<< [apiv2][status] GET https://cloudfunctions.googleapis.com/v1/projects/aivo-4jxhn9zkzwiw-4402/locations/-/functions 200
[debug] [2026-02-18T04:40:40.637Z] <<< [apiv2][body] GET https://cloudfunctions.googleapis.com/v1/projects/aivo-4jxhn9zkzwiw-4402/locations/-/functions {}
[debug] [2026-02-18T04:40:40.638Z] No OAuth tokens found
[debug] [2026-02-18T04:40:40.638Z] >>> [apiv2][query] GET https://cloudfunctions.googleapis.com/v2/projects/aivo-4jxhn9zkzwiw-4402/locations/-/functions filter=environment%3D%22GEN_2%22
[debug] [2026-02-18T04:40:42.027Z] <<< [apiv2][status] GET https://cloudfunctions.googleapis.com/v2/projects/aivo-4jxhn9zkzwiw-4402/locations/-/functions 200
[debug] [2026-02-18T04:40:42.027Z] <<< [apiv2][body] GET https://cloudfunctions.googleapis.com/v2/projects/aivo-4jxhn9zkzwiw-4402/locations/-/functions {"functions":[{"name":"projects/aivo-4jxhn9zkzwiw-4402/locations/us-central1/functions/api","buildConfig":{"build":"projects/781811004685/locations/us-central1/builds/697823e7-7f09-45c8-a5f9-e66d739b0039","runtime":"nodejs20","entryPoint":"api","source":{"storageSource":{"bucket":"gcf-v2-sources-781811004685-us-central1","object":"api/function-source.zip","generation":"1771388425823406"}},"environmentVariables":{"GOOGLE_NODE_RUN_SCRIPTS":""},"dockerRepository":"projects/aivo-4jxhn9zkzwiw-4402/locations/us-central1/repositories/gcf-artifacts","sourceProvenance":{"resolvedStorageSource":{"bucket":"gcf-v2-sources-781811004685-us-central1","object":"api/function-source.zip","generation":"1771388425823406"}},"dockerRegistry":"ARTIFACT_REGISTRY","serviceAccount":"projects/aivo-4jxhn9zkzwiw-4402/serviceAccounts/781811004685-compute@developer.gserviceaccount.com","automaticUpdatePolicy":{}},"state":"UNKNOWN","updateTime":"2026-02-18T04:33:09.949256281Z","labels":{"deployment-tool":"cli-firebase","firebase-functions-hash":"fefae053e47f938c777cd98d25d9b418ed890a88"},"stateMessages":[{"severity":"ERROR","type":"CloudRunServiceNotFound","message":"Cloud Run service projects/aivo-4jxhn9zkzwiw-4402/locations/us-central1/services/api for the function was not found. The function will not work correctly. Please redeploy."}],"environment":"GEN_2","url":"https://us-central1-aivo-4jxhn9zkzwiw-4402.cloudfunctions.net/api","createTime":"2026-02-18T04:20:26.657466396Z","satisfiesPzi":true}]}
[info] i  functions: ensuring required API run.googleapis.com is enabled... 
[info] i  functions: ensuring required API eventarc.googleapis.com is enabled... 
[info] i  functions: ensuring required API pubsub.googleapis.com is enabled... 
[info] i  functions: ensuring required API storage.googleapis.com is enabled... 
[info] i  functions: generating the service identity for pubsub.googleapis.com... 
[debug] [2026-02-18T04:40:42.029Z] No OAuth tokens found
[info] i  functions: generating the service identity for eventarc.googleapis.com... 
[debug] [2026-02-18T04:40:42.029Z] No OAuth tokens found
[debug] [2026-02-18T04:40:42.029Z] >>> [apiv2][query] POST https://serviceusage.googleapis.com/v1beta1/projects/781811004685/services/pubsub.googleapis.com:generateServiceIdentity [none]
[debug] [2026-02-18T04:40:42.029Z] >>> [apiv2][(partial)header] POST https://serviceusage.googleapis.com/v1beta1/projects/781811004685/services/pubsub.googleapis.com:generateServiceIdentity x-goog-quota-user=projects/781811004685
[debug] [2026-02-18T04:40:42.029Z] >>> [apiv2][body] POST https://serviceusage.googleapis.com/v1beta1/projects/781811004685/services/pubsub.googleapis.com:generateServiceIdentity {}
[debug] [2026-02-18T04:40:42.030Z] >>> [apiv2][query] POST https://serviceusage.googleapis.com/v1beta1/projects/781811004685/services/eventarc.googleapis.com:generateServiceIdentity [none]
[debug] [2026-02-18T04:40:42.030Z] >>> [apiv2][(partial)header] POST https://serviceusage.googleapis.com/v1beta1/projects/781811004685/services/eventarc.googleapis.com:generateServiceIdentity x-goog-quota-user=projects/781811004685
[debug] [2026-02-18T04:40:42.030Z] >>> [apiv2][body] POST https://serviceusage.googleapis.com/v1beta1/projects/781811004685/services/eventarc.googleapis.com:generateServiceIdentity {}
[debug] [2026-02-18T04:40:43.083Z] <<< [apiv2][status] POST https://serviceusage.googleapis.com/v1beta1/projects/781811004685/services/pubsub.googleapis.com:generateServiceIdentity 200
[debug] [2026-02-18T04:40:43.083Z] <<< [apiv2][body] POST https://serviceusage.googleapis.com/v1beta1/projects/781811004685/services/pubsub.googleapis.com:generateServiceIdentity {"name":"operations/finished.DONE_OPERATION","done":true,"response":{"@type":"type.googleapis.com/google.api.serviceusage.v1beta1.ServiceIdentity","email":"service-781811004685@gcp-sa-pubsub.iam.gserviceaccount.com","uniqueId":"103474511910076932089"}}
[debug] [2026-02-18T04:40:43.156Z] <<< [apiv2][status] POST https://serviceusage.googleapis.com/v1beta1/projects/781811004685/services/eventarc.googleapis.com:generateServiceIdentity 200
[debug] [2026-02-18T04:40:43.156Z] <<< [apiv2][body] POST https://serviceusage.googleapis.com/v1beta1/projects/781811004685/services/eventarc.googleapis.com:generateServiceIdentity {"name":"operations/finished.DONE_OPERATION","done":true,"response":{"@type":"type.googleapis.com/google.api.serviceusage.v1beta1.ServiceIdentity","email":"service-781811004685@gcp-sa-eventarc.iam.gserviceaccount.com","uniqueId":"106210261091979292001"}}
[debug] [2026-02-18T04:40:43.159Z] No OAuth tokens found
[debug] [2026-02-18T04:40:43.159Z] >>> [apiv2][query] GET https://cloudresourcemanager.googleapis.com/v1/projects/aivo-4jxhn9zkzwiw-4402 [none]
[debug] [2026-02-18T04:40:43.390Z] <<< [apiv2][status] GET https://cloudresourcemanager.googleapis.com/v1/projects/aivo-4jxhn9zkzwiw-4402 200
[debug] [2026-02-18T04:40:43.390Z] <<< [apiv2][body] GET https://cloudresourcemanager.googleapis.com/v1/projects/aivo-4jxhn9zkzwiw-4402 {"projectNumber":"781811004685","projectId":"aivo-4jxhn9zkzwiw-4402","lifecycleState":"ACTIVE","name":"AIVO - aivo-4jxhn9zkzwiw-4402","labels":{"firebase":"enabled","firebase-core":"disabled"},"createTime":"2026-02-18T04:08:06.427336Z","parent":{"type":"organization","id":"283194625711"}}
[debug] [2026-02-18T04:40:43.391Z] No OAuth tokens found
[debug] [2026-02-18T04:40:43.391Z] >>> [apiv2][query] GET https://compute.googleapis.com/compute/v1/projects/781811004685 [none]
[debug] [2026-02-18T04:40:43.932Z] <<< [apiv2][status] GET https://compute.googleapis.com/compute/v1/projects/781811004685 200
[debug] [2026-02-18T04:40:43.932Z] <<< [apiv2][body] GET https://compute.googleapis.com/compute/v1/projects/781811004685 {"kind":"compute#project","id":"7056946993447863203","creationTimestamp":"2026-02-17T20:17:16.852-08:00","name":"aivo-4jxhn9zkzwiw-4402","commonInstanceMetadata":{"kind":"compute#metadata","fingerprint":"qd1iZwPfUZ4="},"quotas":[{"metric":"SNAPSHOTS","limit":1000,"usage":0},{"metric":"NETWORKS","limit":5,"usage":1},{"metric":"FIREWALLS","limit":100,"usage":4},{"metric":"IMAGES","limit":100,"usage":0},{"metric":"STATIC_ADDRESSES","limit":8,"usage":0},{"metric":"ROUTES","limit":200,"usage":0},{"metric":"FORWARDING_RULES","limit":15,"usage":0},{"metric":"TARGET_POOLS","limit":50,"usage":0},{"metric":"HEALTH_CHECKS","limit":75,"usage":0},{"metric":"IN_USE_ADDRESSES","limit":4,"usage":0},{"metric":"TARGET_INSTANCES","limit":50,"usage":0},{"metric":"TARGET_HTTP_PROXIES","limit":10,"usage":0},{"metric":"URL_MAPS","limit":10,"usage":0},{"metric":"BACKEND_SERVICES","limit":50,"usage":0},{"metric":"INSTANCE_TEMPLATES","limit":100,"usage":0},{"metric":"TARGET_VPN_GATEWAYS","limit":5,"usage":0},{"metric":"VPN_TUNNELS","limit":10,"usage":0},{"metric":"BACKEND_BUCKETS","limit":3,"usage":0},{"metric":"ROUTERS","limit":10,"usage":0},{"metric":"TARGET_SSL_PROXIES","limit":10,"usage":0},{"metric":"TARGET_HTTPS_PROXIES","limit":10,"usage":0},{"metric":"SSL_CERTIFICATES","limit":10,"usage":0},{"metric":"SUBNETWORKS","limit":100,"usage":0},{"metric":"TARGET_TCP_PROXIES","limit":10,"usage":0},{"metric":"CPUS_ALL_REGIONS","limit":12,"usage":0},{"metric":"SECURITY_POLICIES","limit":0,"usage":0},{"metric":"SECURITY_POLICY_RULES","limit":0,"usage":0},{"metric":"XPN_SERVICE_PROJECTS","limit":1000,"usage":0},{"metric":"PACKET_MIRRORINGS","limit":20,"usage":0},{"metric":"NETWORK_ENDPOINT_GROUPS","limit":100,"usage":0},{"metric":"INTERCONNECTS","limit":6,"usage":0},{"metric":"SSL_POLICIES","limit":10,"usage":0},{"metric":"GLOBAL_INTERNAL_ADDRESSES","limit":5000,"usage":0},{"metric":"VPN_GATEWAYS","limit":5,"usage":0},{"metric":"MACHINE_IMAGES","limit":100,"usage":0},{"metric":"SECURITY_POLICY_CEVAL_RULES","limit":0,"usage":0},{"metric":"GPUS_ALL_REGIONS","limit":0,"usage":0},{"metric":"EXTERNAL_VPN_GATEWAYS","limit":5,"usage":0},{"metric":"PUBLIC_ADVERTISED_PREFIXES","limit":1,"usage":0},{"metric":"PUBLIC_DELEGATED_PREFIXES","limit":10,"usage":0},{"metric":"STATIC_BYOIP_ADDRESSES","limit":128,"usage":0},{"metric":"NETWORK_FIREWALL_POLICIES","limit":10,"usage":0},{"metric":"INTERNAL_TRAFFIC_DIRECTOR_FORWARDING_RULES","limit":15,"usage":0},{"metric":"GLOBAL_EXTERNAL_MANAGED_FORWARDING_RULES","limit":15,"usage":0},{"metric":"GLOBAL_INTERNAL_MANAGED_BACKEND_SERVICES","limit":50,"usage":0},{"metric":"GLOBAL_EXTERNAL_MANAGED_BACKEND_SERVICES","limit":50,"usage":0},{"metric":"GLOBAL_EXTERNAL_PROXY_LB_BACKEND_SERVICES","limit":50,"usage":0},{"metric":"GLOBAL_INTERNAL_TRAFFIC_DIRECTOR_BACKEND_SERVICES","limit":100,"usage":0}],"selfLink":"https://www.googleapis.com/compute/v1/projects/aivo-4jxhn9zkzwiw-4402","defaultServiceAccount":"781811004685-compute@developer.gserviceaccount.com","xpnProjectStatus":"UNSPECIFIED_XPN_PROJECT_STATUS","defaultNetworkTier":"PREMIUM","vmDnsSetting":"ZONAL_ONLY","cloudArmorTier":"CA_STANDARD"}
[debug] [2026-02-18T04:40:43.934Z] No OAuth tokens found
[debug] [2026-02-18T04:40:43.934Z] >>> [apiv2][query] GET https://cloudbilling.googleapis.com/v1/projects/aivo-4jxhn9zkzwiw-4402/billingInfo [none]
[debug] [2026-02-18T04:40:45.052Z] <<< [apiv2][status] GET https://cloudbilling.googleapis.com/v1/projects/aivo-4jxhn9zkzwiw-4402/billingInfo 200
[debug] [2026-02-18T04:40:45.052Z] <<< [apiv2][body] GET https://cloudbilling.googleapis.com/v1/projects/aivo-4jxhn9zkzwiw-4402/billingInfo {"name":"projects/aivo-4jxhn9zkzwiw-4402/billingInfo","projectId":"aivo-4jxhn9zkzwiw-4402","billingAccountName":"billingAccounts/01DF6E-0B7675-CA3239","billingEnabled":true}
[info] i  functions: updating Node.js 20 (2nd Gen) function api(us-central1)... 
[debug] [2026-02-18T04:40:45.058Z] Precondition failed. Cannot update a GCFv2 function without storage
[debug] [2026-02-18T04:40:45.060Z] Total Function Deployment time: 2
[debug] [2026-02-18T04:40:45.060Z] 1 Functions Deployed
[debug] [2026-02-18T04:40:45.060Z] 1 Functions Errored
[debug] [2026-02-18T04:40:45.060Z] 0 Function Deployments Aborted
[debug] [2026-02-18T04:40:45.060Z] Average Function Deployment time: 1
[info] 
[info] Functions deploy had errors with the following functions:
	api(us-central1)
[debug] [2026-02-18T04:40:45.061Z] Not printing URL for HTTPS function. Typically this means it didn't match a filter or we failed deployment
[debug] [2026-02-18T04:40:45.062Z] No OAuth tokens found
[debug] [2026-02-18T04:40:45.062Z] >>> [apiv2][query] GET https://artifactregistry.googleapis.com/v1/projects/aivo-4jxhn9zkzwiw-4402/locations/us-central1/repositories/gcf-artifacts [none]
[debug] [2026-02-18T04:40:46.146Z] <<< [apiv2][status] GET https://artifactregistry.googleapis.com/v1/projects/aivo-4jxhn9zkzwiw-4402/locations/us-central1/repositories/gcf-artifacts 200
[debug] [2026-02-18T04:40:46.146Z] <<< [apiv2][body] GET https://artifactregistry.googleapis.com/v1/projects/aivo-4jxhn9zkzwiw-4402/locations/us-central1/repositories/gcf-artifacts {"name":"projects/aivo-4jxhn9zkzwiw-4402/locations/us-central1/repositories/gcf-artifacts","format":"DOCKER","description":"This repository is created and used by Cloud Functions for storing function docker images.","labels":{"goog-managed-by":"cloudfunctions"},"createTime":"2026-02-18T04:20:36.195749Z","updateTime":"2026-02-18T04:21:22.598259Z","mode":"STANDARD_REPOSITORY","cleanupPolicies":{"firebase-functions-cleanup":{"id":"firebase-functions-cleanup","action":"DELETE","condition":{"tagState":"ANY","olderThan":"86400s"}}},"vulnerabilityScanningConfig":{"lastEnableTime":"2026-02-18T04:20:26.840394600Z","enablementState":"SCANNING_DISABLED","enablementStateReason":"API containerscanning.googleapis.com is not enabled."},"satisfiesPzi":true,"registryUri":"us-central1-docker.pkg.dev/aivo-4jxhn9zkzwiw-4402/gcf-artifacts"}
[debug] [2026-02-18T04:40:46.146Z] Functions deploy failed.
[debug] [2026-02-18T04:40:46.146Z] {}
[debug] [2026-02-18T04:40:46.146Z] Error: Precondition failed
    at Fabricator.updateV2Function (/Users/alejandrosilva/.nvm/versions/node/v20.19.0/lib/node_modules/firebase-tools/lib/deploy/functions/release/fabricator.js:394:19)
    at Fabricator.updateEndpoint (/Users/alejandrosilva/.nvm/versions/node/v20.19.0/lib/node_modules/firebase-tools/lib/deploy/functions/release/fabricator.js:160:24)
    at /Users/alejandrosilva/.nvm/versions/node/v20.19.0/lib/node_modules/firebase-tools/lib/deploy/functions/release/fabricator.js:110:71
    at handle (/Users/alejandrosilva/.nvm/versions/node/v20.19.0/lib/node_modules/firebase-tools/lib/deploy/functions/release/fabricator.js:89:23)
    at Fabricator.applyChangeset (/Users/alejandrosilva/.nvm/versions/node/v20.19.0/lib/node_modules/firebase-tools/lib/deploy/functions/release/fabricator.js:110:26)
    at /Users/alejandrosilva/.nvm/versions/node/v20.19.0/lib/node_modules/firebase-tools/lib/deploy/functions/release/fabricator.js:69:40
    at Array.map (<anonymous>)
    at Fabricator.applyPlan (/Users/alejandrosilva/.nvm/versions/node/v20.19.0/lib/node_modules/firebase-tools/lib/deploy/functions/release/fabricator.js:68:54)
    at release (/Users/alejandrosilva/.nvm/versions/node/v20.19.0/lib/node_modules/firebase-tools/lib/deploy/functions/release/index.js:76:31)
    at process.processTicksAndRejections (node:internal/process/task_queues:95:5)
[error] 
[error] Error: There was an error deploying functions
